indicator,timepoint,module,value,row_order
Inflammation | CRP,T01,Inflammation,0.444,1
Inflammation | CRP,T02,Inflammation,0.544,1
Inflammation | CRP,T03,Inflammation,0.936,1
Inflammation | CRP,T04,Inflammation,1.162,1
Inflammation | CRP,T05,Inflammation,1.06,1
Inflammation | CRP,T06,Inflammation,1.222,1
Inflammation | CRP,T07,Inflammation,1.361,1
Inflammation | CRP,T08,Inflammation,1.224,1
Inflammation | CRP,T09,Inflammation,1.086,1
Inflammation | CRP,T10,Inflammation,0.819,1
Inflammation | CRP,T11,Inflammation,0.819,1
Inflammation | CRP,T12,Inflammation,0.701,1
Inflammation | CRP,T13,Inflammation,0.586,1
Inflammation | CRP,T14,Inflammation,0.68,1
Inflammation | CRP,T15,Inflammation,0.626,1
Inflammation | CRP,T16,Inflammation,0.496,1
Inflammation | CRP,T17,Inflammation,0.567,1
Inflammation | CRP,T18,Inflammation,0.339,1
Inflammation | CRP,T19,Inflammation,0.339,1
Inflammation | CRP,T20,Inflammation,0.003,1
Inflammation | CRP,T21,Inflammation,-0.328,1
Inflammation | CRP,T22,Inflammation,-0.745,1
Inflammation | CRP,T23,Inflammation,-0.953,1
Inflammation | CRP,T24,Inflammation,-1.443,1
Inflammation | CRP,T25,Inflammation,-1.752,1
Inflammation | CRP,T26,Inflammation,-1.911,1
Inflammation | CRP,T27,Inflammation,-1.856,1
Inflammation | CRP,T28,Inflammation,-1.764,1
Inflammation | CRP,T29,Inflammation,-1.543,1
Inflammation | CRP,T30,Inflammation,-1.252,1
Inflammation | CRP,T31,Inflammation,-0.769,1
Inflammation | CRP,T32,Inflammation,-0.688,1
Inflammation | CRP,T33,Inflammation,-0.399,1
Inflammation | CRP,T34,Inflammation,-0.168,1
Inflammation | CRP,T35,Inflammation,0.177,1
Inflammation | CRP,T36,Inflammation,0.381,1
Inflammation | IL6,T01,Inflammation,0.635,2
Inflammation | IL6,T02,Inflammation,0.809,2
Inflammation | IL6,T03,Inflammation,1.029,2
Inflammation | IL6,T04,Inflammation,1.346,2
Inflammation | IL6,T05,Inflammation,1.496,2
Inflammation | IL6,T06,Inflammation,1.543,2
Inflammation | IL6,T07,Inflammation,1.402,2
Inflammation | IL6,T08,Inflammation,1.337,2
Inflammation | IL6,T09,Inflammation,1.113,2
Inflammation | IL6,T10,Inflammation,0.88,2
Inflammation | IL6,T11,Inflammation,0.715,2
Inflammation | IL6,T12,Inflammation,0.492,2
Inflammation | IL6,T13,Inflammation,0.423,2
Inflammation | IL6,T14,Inflammation,0.312,2
Inflammation | IL6,T15,Inflammation,0.297,2
Inflammation | IL6,T16,Inflammation,0.295,2
Inflammation | IL6,T17,Inflammation,0.066,2
Inflammation | IL6,T18,Inflammation,0.07,2
Inflammation | IL6,T19,Inflammation,-0.087,2
Inflammation | IL6,T20,Inflammation,-0.304,2
Inflammation | IL6,T21,Inflammation,-0.533,2
Inflammation | IL6,T22,Inflammation,-0.686,2
Inflammation | IL6,T23,Inflammation,-1.204,2
Inflammation | IL6,T24,Inflammation,-1.343,2
Inflammation | IL6,T25,Inflammation,-1.794,2
Inflammation | IL6,T26,Inflammation,-1.803,2
Inflammation | IL6,T27,Inflammation,-1.76,2
Inflammation | IL6,T28,Inflammation,-1.601,2
Inflammation | IL6,T29,Inflammation,-1.367,2
Inflammation | IL6,T30,Inflammation,-1.069,2
Inflammation | IL6,T31,Inflammation,-0.84,2
Inflammation | IL6,T32,Inflammation,-0.52,2
Inflammation | IL6,T33,Inflammation,-0.097,2
Inflammation | IL6,T34,Inflammation,0.092,2
Inflammation | IL6,T35,Inflammation,0.233,2
Inflammation | IL6,T36,Inflammation,0.423,2
Inflammation | IL8,T01,Inflammation,0.798,3
Inflammation | IL8,T02,Inflammation,1.143,3
Inflammation | IL8,T03,Inflammation,1.317,3
Inflammation | IL8,T04,Inflammation,1.531,3
Inflammation | IL8,T05,Inflammation,1.546,3
Inflammation | IL8,T06,Inflammation,1.614,3
Inflammation | IL8,T07,Inflammation,1.561,3
Inflammation | IL8,T08,Inflammation,1.282,3
Inflammation | IL8,T09,Inflammation,1.068,3
Inflammation | IL8,T10,Inflammation,0.668,3
Inflammation | IL8,T11,Inflammation,0.412,3
Inflammation | IL8,T12,Inflammation,0.188,3
Inflammation | IL8,T13,Inflammation,-0.032,3
Inflammation | IL8,T14,Inflammation,0.02,3
Inflammation | IL8,T15,Inflammation,-0.106,3
Inflammation | IL8,T16,Inflammation,-0.093,3
Inflammation | IL8,T17,Inflammation,-0.085,3
Inflammation | IL8,T18,Inflammation,-0.143,3
Inflammation | IL8,T19,Inflammation,-0.219,3
Inflammation | IL8,T20,Inflammation,-0.428,3
Inflammation | IL8,T21,Inflammation,-0.653,3
Inflammation | IL8,T22,Inflammation,-0.864,3
Inflammation | IL8,T23,Inflammation,-1.256,3
Inflammation | IL8,T24,Inflammation,-1.476,3
Inflammation | IL8,T25,Inflammation,-1.647,3
Inflammation | IL8,T26,Inflammation,-1.706,3
Inflammation | IL8,T27,Inflammation,-1.561,3
Inflammation | IL8,T28,Inflammation,-1.529,3
Inflammation | IL8,T29,Inflammation,-1.249,3
Inflammation | IL8,T30,Inflammation,-0.81,3
Inflammation | IL8,T31,Inflammation,-0.619,3
Inflammation | IL8,T32,Inflammation,-0.194,3
Inflammation | IL8,T33,Inflammation,-0.018,3
Inflammation | IL8,T34,Inflammation,0.323,3
Inflammation | IL8,T35,Inflammation,0.495,3
Inflammation | IL8,T36,Inflammation,0.722,3
Inflammation | TNFA,T01,Inflammation,1.119,4
Inflammation | TNFA,T02,Inflammation,1.101,4
Inflammation | TNFA,T03,Inflammation,1.511,4
Inflammation | TNFA,T04,Inflammation,1.652,4
Inflammation | TNFA,T05,Inflammation,1.661,4
Inflammation | TNFA,T06,Inflammation,1.562,4
Inflammation | TNFA,T07,Inflammation,1.56,4
Inflammation | TNFA,T08,Inflammation,1.227,4
Inflammation | TNFA,T09,Inflammation,0.935,4
Inflammation | TNFA,T10,Inflammation,0.522,4
Inflammation | TNFA,T11,Inflammation,0.316,4
Inflammation | TNFA,T12,Inflammation,-0.141,4
Inflammation | TNFA,T13,Inflammation,-0.4,4
Inflammation | TNFA,T14,Inflammation,-0.38,4
Inflammation | TNFA,T15,Inflammation,-0.405,4
Inflammation | TNFA,T16,Inflammation,-0.285,4
Inflammation | TNFA,T17,Inflammation,-0.313,4
Inflammation | TNFA,T18,Inflammation,-0.351,4
Inflammation | TNFA,T19,Inflammation,-0.273,4
Inflammation | TNFA,T20,Inflammation,-0.61,4
Inflammation | TNFA,T21,Inflammation,-0.7,4
Inflammation | TNFA,T22,Inflammation,-0.925,4
Inflammation | TNFA,T23,Inflammation,-1.102,4
Inflammation | TNFA,T24,Inflammation,-1.42,4
Inflammation | TNFA,T25,Inflammation,-1.398,4
Inflammation | TNFA,T26,Inflammation,-1.561,4
Inflammation | TNFA,T27,Inflammation,-1.646,4
Inflammation | TNFA,T28,Inflammation,-1.452,4
Inflammation | TNFA,T29,Inflammation,-1.078,4
Inflammation | TNFA,T30,Inflammation,-0.716,4
Inflammation | TNFA,T31,Inflammation,-0.264,4
Inflammation | TNFA,T32,Inflammation,0.167,4
Inflammation | TNFA,T33,Inflammation,0.249,4
Inflammation | TNFA,T34,Inflammation,0.398,4
Inflammation | TNFA,T35,Inflammation,0.52,4
Inflammation | TNFA,T36,Inflammation,0.92,4
Inflammation | IL1B,T01,Inflammation,1.013,5
Inflammation | IL1B,T02,Inflammation,1.299,5
Inflammation | IL1B,T03,Inflammation,1.494,5
Inflammation | IL1B,T04,Inflammation,1.72,5
Inflammation | IL1B,T05,Inflammation,1.948,5
Inflammation | IL1B,T06,Inflammation,1.811,5
Inflammation | IL1B,T07,Inflammation,1.587,5
Inflammation | IL1B,T08,Inflammation,1.147,5
Inflammation | IL1B,T09,Inflammation,0.629,5
Inflammation | IL1B,T10,Inflammation,0.288,5
Inflammation | IL1B,T11,Inflammation,-0.093,5
Inflammation | IL1B,T12,Inflammation,-0.216,5
Inflammation | IL1B,T13,Inflammation,-0.609,5
Inflammation | IL1B,T14,Inflammation,-0.6,5
Inflammation | IL1B,T15,Inflammation,-0.764,5
Inflammation | IL1B,T16,Inflammation,-0.775,5
Inflammation | IL1B,T17,Inflammation,-0.656,5
Inflammation | IL1B,T18,Inflammation,-0.541,5
Inflammation | IL1B,T19,Inflammation,-0.164,5
Inflammation | IL1B,T20,Inflammation,-0.51,5
Inflammation | IL1B,T21,Inflammation,-0.406,5
Inflammation | IL1B,T22,Inflammation,-0.765,5
Inflammation | IL1B,T23,Inflammation,-0.769,5
Inflammation | IL1B,T24,Inflammation,-1.056,5
Inflammation | IL1B,T25,Inflammation,-1.304,5
Inflammation | IL1B,T26,Inflammation,-1.39,5
Inflammation | IL1B,T27,Inflammation,-1.445,5
Inflammation | IL1B,T28,Inflammation,-1.185,5
Inflammation | IL1B,T29,Inflammation,-1.055,5
Inflammation | IL1B,T30,Inflammation,-0.844,5
Inflammation | IL1B,T31,Inflammation,-0.519,5
Inflammation | IL1B,T32,Inflammation,-0.021,5
Inflammation | IL1B,T33,Inflammation,0.453,5
Inflammation | IL1B,T34,Inflammation,0.568,5
Inflammation | IL1B,T35,Inflammation,0.762,5
Inflammation | IL1B,T36,Inflammation,0.968,5
Inflammation | MCP1,T01,Inflammation,1.223,6
Inflammation | MCP1,T02,Inflammation,1.33,6
Inflammation | MCP1,T03,Inflammation,1.477,6
Inflammation | MCP1,T04,Inflammation,1.85,6
Inflammation | MCP1,T05,Inflammation,1.864,6
Inflammation | MCP1,T06,Inflammation,1.964,6
Inflammation | MCP1,T07,Inflammation,1.585,6
Inflammation | MCP1,T08,Inflammation,1.031,6
Inflammation | MCP1,T09,Inflammation,0.516,6
Inflammation | MCP1,T10,Inflammation,0.359,6
Inflammation | MCP1,T11,Inflammation,-0.115,6
Inflammation | MCP1,T12,Inflammation,-0.721,6
Inflammation | MCP1,T13,Inflammation,-0.973,6
Inflammation | MCP1,T14,Inflammation,-0.828,6
Inflammation | MCP1,T15,Inflammation,-1.12,6
Inflammation | MCP1,T16,Inflammation,-0.982,6
Inflammation | MCP1,T17,Inflammation,-0.634,6
Inflammation | MCP1,T18,Inflammation,-0.603,6
Inflammation | MCP1,T19,Inflammation,-0.423,6
Inflammation | MCP1,T20,Inflammation,-0.375,6
Inflammation | MCP1,T21,Inflammation,-0.329,6
Inflammation | MCP1,T22,Inflammation,-0.3,6
Inflammation | MCP1,T23,Inflammation,-0.64,6
Inflammation | MCP1,T24,Inflammation,-0.776,6
Inflammation | MCP1,T25,Inflammation,-1.294,6
Inflammation | MCP1,T26,Inflammation,-1.153,6
Inflammation | MCP1,T27,Inflammation,-1.257,6
Inflammation | MCP1,T28,Inflammation,-1.197,6
Inflammation | MCP1,T29,Inflammation,-0.955,6
Inflammation | MCP1,T30,Inflammation,-0.625,6
Inflammation | MCP1,T31,Inflammation,-0.177,6
Inflammation | MCP1,T32,Inflammation,-0.163,6
Inflammation | MCP1,T33,Inflammation,0.285,6
Inflammation | MCP1,T34,Inflammation,0.468,6
Inflammation | MCP1,T35,Inflammation,0.689,6
Inflammation | MCP1,T36,Inflammation,0.999,6
Inflammation | Ferritin,T01,Inflammation,1.163,7
Inflammation | Ferritin,T02,Inflammation,1.501,7
Inflammation | Ferritin,T03,Inflammation,1.515,7
Inflammation | Ferritin,T04,Inflammation,1.622,7
Inflammation | Ferritin,T05,Inflammation,1.781,7
Inflammation | Ferritin,T06,Inflammation,1.791,7
Inflammation | Ferritin,T07,Inflammation,1.537,7
Inflammation | Ferritin,T08,Inflammation,0.929,7
Inflammation | Ferritin,T09,Inflammation,0.524,7
Inflammation | Ferritin,T10,Inflammation,-0.065,7
Inflammation | Ferritin,T11,Inflammation,-0.301,7
Inflammation | Ferritin,T12,Inflammation,-0.811,7
Inflammation | Ferritin,T13,Inflammation,-1.444,7
Inflammation | Ferritin,T14,Inflammation,-1.454,7
Inflammation | Ferritin,T15,Inflammation,-1.562,7
Inflammation | Ferritin,T16,Inflammation,-1.279,7
Inflammation | Ferritin,T17,Inflammation,-0.925,7
Inflammation | Ferritin,T18,Inflammation,-0.55,7
Inflammation | Ferritin,T19,Inflammation,-0.585,7
Inflammation | Ferritin,T20,Inflammation,-0.404,7
Inflammation | Ferritin,T21,Inflammation,-0.53,7
Inflammation | Ferritin,T22,Inflammation,-0.277,7
Inflammation | Ferritin,T23,Inflammation,-0.511,7
Inflammation | Ferritin,T24,Inflammation,-0.597,7
Inflammation | Ferritin,T25,Inflammation,-0.8,7
Inflammation | Ferritin,T26,Inflammation,-0.791,7
Inflammation | Ferritin,T27,Inflammation,-1.03,7
Inflammation | Ferritin,T28,Inflammation,-0.9,7
Inflammation | Ferritin,T29,Inflammation,-0.231,7
Inflammation | Ferritin,T30,Inflammation,-0.479,7
Inflammation | Ferritin,T31,Inflammation,-0.207,7
Inflammation | Ferritin,T32,Inflammation,0.444,7
Inflammation | Ferritin,T33,Inflammation,0.819,7
Inflammation | Ferritin,T34,Inflammation,0.455,7
Inflammation | Ferritin,T35,Inflammation,0.725,7
Inflammation | Ferritin,T36,Inflammation,0.929,7
Inflammation | ESR,T01,Inflammation,1.231,8
Inflammation | ESR,T02,Inflammation,0.995,8
Inflammation | ESR,T03,Inflammation,1.329,8
Inflammation | ESR,T04,Inflammation,1.682,8
Inflammation | ESR,T05,Inflammation,1.727,8
Inflammation | ESR,T06,Inflammation,1.534,8
Inflammation | ESR,T07,Inflammation,1.297,8
Inflammation | ESR,T08,Inflammation,0.603,8
Inflammation | ESR,T09,Inflammation,0.14,8
Inflammation | ESR,T10,Inflammation,-0.56,8
Inflammation | ESR,T11,Inflammation,-1.106,8
Inflammation | ESR,T12,Inflammation,-1.705,8
Inflammation | ESR,T13,Inflammation,-1.809,8
Inflammation | ESR,T14,Inflammation,-1.787,8
Inflammation | ESR,T15,Inflammation,-1.812,8
Inflammation | ESR,T16,Inflammation,-1.525,8
Inflammation | ESR,T17,Inflammation,-1.225,8
Inflammation | ESR,T18,Inflammation,-0.843,8
Inflammation | ESR,T19,Inflammation,-0.581,8
Inflammation | ESR,T20,Inflammation,-0.1,8
Inflammation | ESR,T21,Inflammation,0.04,8
Inflammation | ESR,T22,Inflammation,0.475,8
Inflammation | ESR,T23,Inflammation,0.354,8
Inflammation | ESR,T24,Inflammation,0.044,8
Inflammation | ESR,T25,Inflammation,-0.283,8
Inflammation | ESR,T26,Inflammation,-0.447,8
Inflammation | ESR,T27,Inflammation,-0.11,8
Inflammation | ESR,T28,Inflammation,-0.212,8
Inflammation | ESR,T29,Inflammation,-0.061,8
Inflammation | ESR,T30,Inflammation,-0.267,8
Inflammation | ESR,T31,Inflammation,0.33,8
Inflammation | ESR,T32,Inflammation,0.41,8
Inflammation | ESR,T33,Inflammation,0.296,8
Inflammation | ESR,T34,Inflammation,0.513,8
Inflammation | ESR,T35,Inflammation,0.714,8
Inflammation | ESR,T36,Inflammation,0.718,8
Metabolic | Glucose,T01,Metabolic,0.94,9
Metabolic | Glucose,T02,Metabolic,1.091,9
Metabolic | Glucose,T03,Metabolic,1.135,9
Metabolic | Glucose,T04,Metabolic,1.17,9
Metabolic | Glucose,T05,Metabolic,1.251,9
Metabolic | Glucose,T06,Metabolic,0.765,9
Metabolic | Glucose,T07,Metabolic,0.94,9
Metabolic | Glucose,T08,Metabolic,0.955,9
Metabolic | Glucose,T09,Metabolic,0.981,9
Metabolic | Glucose,T10,Metabolic,0.947,9
Metabolic | Glucose,T11,Metabolic,0.822,9
Metabolic | Glucose,T12,Metabolic,0.996,9
Metabolic | Glucose,T13,Metabolic,1.023,9
Metabolic | Glucose,T14,Metabolic,0.509,9
Metabolic | Glucose,T15,Metabolic,0.536,9
Metabolic | Glucose,T16,Metabolic,0.19,9
Metabolic | Glucose,T17,Metabolic,0.002,9
Metabolic | Glucose,T18,Metabolic,-0.314,9
Metabolic | Glucose,T19,Metabolic,-0.472,9
Metabolic | Glucose,T20,Metabolic,-0.568,9
Metabolic | Glucose,T21,Metabolic,-0.933,9
Metabolic | Glucose,T22,Metabolic,-1.111,9
Metabolic | Glucose,T23,Metabolic,-1.429,9
Metabolic | Glucose,T24,Metabolic,-1.69,9
Metabolic | Glucose,T25,Metabolic,-1.641,9
Metabolic | Glucose,T26,Metabolic,-1.748,9
Metabolic | Glucose,T27,Metabolic,-1.583,9
Metabolic | Glucose,T28,Metabolic,-1.495,9
Metabolic | Glucose,T29,Metabolic,-1.202,9
Metabolic | Glucose,T30,Metabolic,-0.99,9
Metabolic | Glucose,T31,Metabolic,-0.508,9
Metabolic | Glucose,T32,Metabolic,-0.414,9
Metabolic | Glucose,T33,Metabolic,0.095,9
Metabolic | Glucose,T34,Metabolic,0.28,9
Metabolic | Glucose,T35,Metabolic,0.663,9
Metabolic | Glucose,T36,Metabolic,0.806,9
Metabolic | HbA1c,T01,Metabolic,1.397,10
Metabolic | HbA1c,T02,Metabolic,1.407,10
Metabolic | HbA1c,T03,Metabolic,1.217,10
Metabolic | HbA1c,T04,Metabolic,1.336,10
Metabolic | HbA1c,T05,Metabolic,1.135,10
Metabolic | HbA1c,T06,Metabolic,1.08,10
Metabolic | HbA1c,T07,Metabolic,1.164,10
Metabolic | HbA1c,T08,Metabolic,0.982,10
Metabolic | HbA1c,T09,Metabolic,0.786,10
Metabolic | HbA1c,T10,Metabolic,0.712,10
Metabolic | HbA1c,T11,Metabolic,0.759,10
Metabolic | HbA1c,T12,Metabolic,0.528,10
Metabolic | HbA1c,T13,Metabolic,0.415,10
Metabolic | HbA1c,T14,Metabolic,0.296,10
Metabolic | HbA1c,T15,Metabolic,0.148,10
Metabolic | HbA1c,T16,Metabolic,-0.126,10
Metabolic | HbA1c,T17,Metabolic,-0.607,10
Metabolic | HbA1c,T18,Metabolic,-0.516,10
Metabolic | HbA1c,T19,Metabolic,-0.71,10
Metabolic | HbA1c,T20,Metabolic,-0.865,10
Metabolic | HbA1c,T21,Metabolic,-0.955,10
Metabolic | HbA1c,T22,Metabolic,-1.537,10
Metabolic | HbA1c,T23,Metabolic,-1.571,10
Metabolic | HbA1c,T24,Metabolic,-1.567,10
Metabolic | HbA1c,T25,Metabolic,-1.809,10
Metabolic | HbA1c,T26,Metabolic,-1.429,10
Metabolic | HbA1c,T27,Metabolic,-1.382,10
Metabolic | HbA1c,T28,Metabolic,-1.111,10
Metabolic | HbA1c,T29,Metabolic,-0.986,10
Metabolic | HbA1c,T30,Metabolic,-0.553,10
Metabolic | HbA1c,T31,Metabolic,-0.22,10
Metabolic | HbA1c,T32,Metabolic,0.007,10
Metabolic | HbA1c,T33,Metabolic,0.31,10
Metabolic | HbA1c,T34,Metabolic,0.591,10
Metabolic | HbA1c,T35,Metabolic,0.713,10
Metabolic | HbA1c,T36,Metabolic,0.963,10
Metabolic | Insulin,T01,Metabolic,1.365,11
Metabolic | Insulin,T02,Metabolic,1.518,11
Metabolic | Insulin,T03,Metabolic,1.596,11
Metabolic | Insulin,T04,Metabolic,1.295,11
Metabolic | Insulin,T05,Metabolic,1.263,11
Metabolic | Insulin,T06,Metabolic,1.27,11
Metabolic | Insulin,T07,Metabolic,0.847,11
Metabolic | Insulin,T08,Metabolic,0.69,11
Metabolic | Insulin,T09,Metabolic,0.692,11
Metabolic | Insulin,T10,Metabolic,0.674,11
Metabolic | Insulin,T11,Metabolic,0.481,11
Metabolic | Insulin,T12,Metabolic,0.484,11
Metabolic | Insulin,T13,Metabolic,0.231,11
Metabolic | Insulin,T14,Metabolic,-0.007,11
Metabolic | Insulin,T15,Metabolic,-0.276,11
Metabolic | Insulin,T16,Metabolic,-0.279,11
Metabolic | Insulin,T17,Metabolic,-0.711,11
Metabolic | Insulin,T18,Metabolic,-1.022,11
Metabolic | Insulin,T19,Metabolic,-0.72,11
Metabolic | Insulin,T20,Metabolic,-1.063,11
Metabolic | Insulin,T21,Metabolic,-1.136,11
Metabolic | Insulin,T22,Metabolic,-1.145,11
Metabolic | Insulin,T23,Metabolic,-1.587,11
Metabolic | Insulin,T24,Metabolic,-1.608,11
Metabolic | Insulin,T25,Metabolic,-1.625,11
Metabolic | Insulin,T26,Metabolic,-1.427,11
Metabolic | Insulin,T27,Metabolic,-1.107,11
Metabolic | Insulin,T28,Metabolic,-0.862,11
Metabolic | Insulin,T29,Metabolic,-0.622,11
Metabolic | Insulin,T30,Metabolic,-0.525,11
Metabolic | Insulin,T31,Metabolic,-0.334,11
Metabolic | Insulin,T32,Metabolic,0.221,11
Metabolic | Insulin,T33,Metabolic,0.443,11
Metabolic | Insulin,T34,Metabolic,0.804,11
Metabolic | Insulin,T35,Metabolic,1.045,11
Metabolic | Insulin,T36,Metabolic,1.135,11
Metabolic | HOMA_IR,T01,Metabolic,1.661,12
Metabolic | HOMA_IR,T02,Metabolic,1.665,12
Metabolic | HOMA_IR,T03,Metabolic,1.699,12
Metabolic | HOMA_IR,T04,Metabolic,1.408,12
Metabolic | HOMA_IR,T05,Metabolic,1.306,12
Metabolic | HOMA_IR,T06,Metabolic,1.14,12
Metabolic | HOMA_IR,T07,Metabolic,1.012,12
Metabolic | HOMA_IR,T08,Metabolic,0.644,12
Metabolic | HOMA_IR,T09,Metabolic,0.649,12
Metabolic | HOMA_IR,T10,Metabolic,0.429,12
Metabolic | HOMA_IR,T11,Metabolic,0.338,12
Metabolic | HOMA_IR,T12,Metabolic,0.314,12
Metabolic | HOMA_IR,T13,Metabolic,-0.344,12
Metabolic | HOMA_IR,T14,Metabolic,-0.512,12
Metabolic | HOMA_IR,T15,Metabolic,-0.797,12
Metabolic | HOMA_IR,T16,Metabolic,-1.12,12
Metabolic | HOMA_IR,T17,Metabolic,-0.983,12
Metabolic | HOMA_IR,T18,Metabolic,-0.817,12
Metabolic | HOMA_IR,T19,Metabolic,-1.002,12
Metabolic | HOMA_IR,T20,Metabolic,-0.977,12
Metabolic | HOMA_IR,T21,Metabolic,-0.927,12
Metabolic | HOMA_IR,T22,Metabolic,-0.999,12
Metabolic | HOMA_IR,T23,Metabolic,-1.306,12
Metabolic | HOMA_IR,T24,Metabolic,-1.135,12
Metabolic | HOMA_IR,T25,Metabolic,-1.288,12
Metabolic | HOMA_IR,T26,Metabolic,-1.305,12
Metabolic | HOMA_IR,T27,Metabolic,-1.075,12
Metabolic | HOMA_IR,T28,Metabolic,-0.971,12
Metabolic | HOMA_IR,T29,Metabolic,-0.622,12
Metabolic | HOMA_IR,T30,Metabolic,-0.274,12
Metabolic | HOMA_IR,T31,Metabolic,0.173,12
Metabolic | HOMA_IR,T32,Metabolic,0.583,12
Metabolic | HOMA_IR,T33,Metabolic,0.382,12
Metabolic | HOMA_IR,T34,Metabolic,0.897,12
Metabolic | HOMA_IR,T35,Metabolic,0.889,12
Metabolic | HOMA_IR,T36,Metabolic,1.263,12
Metabolic | Leptin,T01,Metabolic,1.662,13
Metabolic | Leptin,T02,Metabolic,1.371,13
Metabolic | Leptin,T03,Metabolic,2.05,13
Metabolic | Leptin,T04,Metabolic,1.563,13
Metabolic | Leptin,T05,Metabolic,1.367,13
Metabolic | Leptin,T06,Metabolic,0.969,13
Metabolic | Leptin,T07,Metabolic,0.811,13
Metabolic | Leptin,T08,Metabolic,0.874,13
Metabolic | Leptin,T09,Metabolic,0.599,13
Metabolic | Leptin,T10,Metabolic,0.643,13
Metabolic | Leptin,T11,Metabolic,0.542,13
Metabolic | Leptin,T12,Metabolic,0.574,13
Metabolic | Leptin,T13,Metabolic,-0.144,13
Metabolic | Leptin,T14,Metabolic,-0.793,13
Metabolic | Leptin,T15,Metabolic,-0.519,13
Metabolic | Leptin,T16,Metabolic,-1.093,13
Metabolic | Leptin,T17,Metabolic,-0.833,13
Metabolic | Leptin,T18,Metabolic,-0.994,13
Metabolic | Leptin,T19,Metabolic,-1.064,13
Metabolic | Leptin,T20,Metabolic,-0.926,13
Metabolic | Leptin,T21,Metabolic,-0.585,13
Metabolic | Leptin,T22,Metabolic,-0.662,13
Metabolic | Leptin,T23,Metabolic,-1.269,13
Metabolic | Leptin,T24,Metabolic,-1.315,13
Metabolic | Leptin,T25,Metabolic,-1.07,13
Metabolic | Leptin,T26,Metabolic,-1.42,13
Metabolic | Leptin,T27,Metabolic,-0.942,13
Metabolic | Leptin,T28,Metabolic,-0.801,13
Metabolic | Leptin,T29,Metabolic,-0.48,13
Metabolic | Leptin,T30,Metabolic,-0.523,13
Metabolic | Leptin,T31,Metabolic,-0.468,13
Metabolic | Leptin,T32,Metabolic,-0.335,13
Metabolic | Leptin,T33,Metabolic,0.161,13
Metabolic | Leptin,T34,Metabolic,0.587,13
Metabolic | Leptin,T35,Metabolic,0.867,13
Metabolic | Leptin,T36,Metabolic,1.592,13
Metabolic | Adiponectin,T01,Metabolic,1.91,14
Metabolic | Adiponectin,T02,Metabolic,1.339,14
Metabolic | Adiponectin,T03,Metabolic,1.854,14
Metabolic | Adiponectin,T04,Metabolic,1.5,14
Metabolic | Adiponectin,T05,Metabolic,1.346,14
Metabolic | Adiponectin,T06,Metabolic,1.255,14
Metabolic | Adiponectin,T07,Metabolic,1.168,14
Metabolic | Adiponectin,T08,Metabolic,0.667,14
Metabolic | Adiponectin,T09,Metabolic,1.103,14
Metabolic | Adiponectin,T10,Metabolic,0.298,14
Metabolic | Adiponectin,T11,Metabolic,0.627,14
Metabolic | Adiponectin,T12,Metabolic,1.317,14
Metabolic | Adiponectin,T13,Metabolic,0.067,14
Metabolic | Adiponectin,T14,Metabolic,-0.001,14
Metabolic | Adiponectin,T15,Metabolic,-0.93,14
Metabolic | Adiponectin,T16,Metabolic,-1.034,14
Metabolic | Adiponectin,T17,Metabolic,-1.318,14
Metabolic | Adiponectin,T18,Metabolic,-1.239,14
Metabolic | Adiponectin,T19,Metabolic,-1.267,14
Metabolic | Adiponectin,T20,Metabolic,-0.691,14
Metabolic | Adiponectin,T21,Metabolic,-1.107,14
Metabolic | Adiponectin,T22,Metabolic,-0.628,14
Metabolic | Adiponectin,T23,Metabolic,-0.58,14
Metabolic | Adiponectin,T24,Metabolic,-0.905,14
Metabolic | Adiponectin,T25,Metabolic,-1.122,14
Metabolic | Adiponectin,T26,Metabolic,-0.756,14
Metabolic | Adiponectin,T27,Metabolic,-0.871,14
Metabolic | Adiponectin,T28,Metabolic,-0.267,14
Metabolic | Adiponectin,T29,Metabolic,-1.116,14
Metabolic | Adiponectin,T30,Metabolic,-0.475,14
Metabolic | Adiponectin,T31,Metabolic,-0.962,14
Metabolic | Adiponectin,T32,Metabolic,-0.658,14
Metabolic | Adiponectin,T33,Metabolic,0.531,14
Metabolic | Adiponectin,T34,Metabolic,0.576,14
Metabolic | Adiponectin,T35,Metabolic,0.226,14
Metabolic | Adiponectin,T36,Metabolic,0.143,14
Metabolic | C_Peptide,T01,Metabolic,-0.811,15
Metabolic | C_Peptide,T02,Metabolic,0.789,15
Metabolic | C_Peptide,T03,Metabolic,2.6,15
Metabolic | C_Peptide,T04,Metabolic,1.349,15
Metabolic | C_Peptide,T05,Metabolic,0.556,15
Metabolic | C_Peptide,T06,Metabolic,0.918,15
Metabolic | C_Peptide,T07,Metabolic,-0.481,15
Metabolic | C_Peptide,T08,Metabolic,0.224,15
Metabolic | C_Peptide,T09,Metabolic,0.567,15
Metabolic | C_Peptide,T10,Metabolic,0.616,15
Metabolic | C_Peptide,T11,Metabolic,1.173,15
Metabolic | C_Peptide,T12,Metabolic,0.663,15
Metabolic | C_Peptide,T13,Metabolic,0.306,15
Metabolic | C_Peptide,T14,Metabolic,-1.215,15
Metabolic | C_Peptide,T15,Metabolic,-0.899,15
Metabolic | C_Peptide,T16,Metabolic,-0.787,15
Metabolic | C_Peptide,T17,Metabolic,-2.263,15
Metabolic | C_Peptide,T18,Metabolic,-1.818,15
Metabolic | C_Peptide,T19,Metabolic,0.04,15
Metabolic | C_Peptide,T20,Metabolic,-0.391,15
Metabolic | C_Peptide,T21,Metabolic,0.86,15
Metabolic | C_Peptide,T22,Metabolic,-0.127,15
Metabolic | C_Peptide,T23,Metabolic,1.005,15
Metabolic | C_Peptide,T24,Metabolic,0.211,15
Metabolic | C_Peptide,T25,Metabolic,0.339,15
Metabolic | C_Peptide,T26,Metabolic,1.224,15
Metabolic | C_Peptide,T27,Metabolic,0.172,15
Metabolic | C_Peptide,T28,Metabolic,-0.163,15
Metabolic | C_Peptide,T29,Metabolic,0.013,15
Metabolic | C_Peptide,T30,Metabolic,0.322,15
Metabolic | C_Peptide,T31,Metabolic,-1.153,15
Metabolic | C_Peptide,T32,Metabolic,-0.08,15
Metabolic | C_Peptide,T33,Metabolic,-0.925,15
Metabolic | C_Peptide,T34,Metabolic,0.054,15
Metabolic | C_Peptide,T35,Metabolic,-1.984,15
Metabolic | C_Peptide,T36,Metabolic,-0.916,15
Metabolic | FFA,T01,Metabolic,-1.387,16
Metabolic | FFA,T02,Metabolic,-1.018,16
Metabolic | FFA,T03,Metabolic,-0.556,16
Metabolic | FFA,T04,Metabolic,-0.683,16
Metabolic | FFA,T05,Metabolic,-0.692,16
Metabolic | FFA,T06,Metabolic,-0.624,16
Metabolic | FFA,T07,Metabolic,-0.388,16
Metabolic | FFA,T08,Metabolic,-0.646,16
Metabolic | FFA,T09,Metabolic,0.306,16
Metabolic | FFA,T10,Metabolic,0.607,16
Metabolic | FFA,T11,Metabolic,0.716,16
Metabolic | FFA,T12,Metabolic,0.792,16
Metabolic | FFA,T13,Metabolic,0.482,16
Metabolic | FFA,T14,Metabolic,0.806,16
Metabolic | FFA,T15,Metabolic,-0.303,16
Metabolic | FFA,T16,Metabolic,-0.502,16
Metabolic | FFA,T17,Metabolic,-0.538,16
Metabolic | FFA,T18,Metabolic,-0.303,16
Metabolic | FFA,T19,Metabolic,0.048,16
Metabolic | FFA,T20,Metabolic,0.578,16
Metabolic | FFA,T21,Metabolic,1.163,16
Metabolic | FFA,T22,Metabolic,1.455,16
Metabolic | FFA,T23,Metabolic,1.387,16
Metabolic | FFA,T24,Metabolic,1.072,16
Metabolic | FFA,T25,Metabolic,1.692,16
Metabolic | FFA,T26,Metabolic,1.596,16
Metabolic | FFA,T27,Metabolic,1.153,16
Metabolic | FFA,T28,Metabolic,0.754,16
Metabolic | FFA,T29,Metabolic,0.87,16
Metabolic | FFA,T30,Metabolic,0.286,16
Metabolic | FFA,T31,Metabolic,-0.832,16
Metabolic | FFA,T32,Metabolic,-0.78,16
Metabolic | FFA,T33,Metabolic,-1.046,16
Metabolic | FFA,T34,Metabolic,-1.764,16
Metabolic | FFA,T35,Metabolic,-1.506,16
Metabolic | FFA,T36,Metabolic,-2.195,16
Lipid | TC,T01,Lipid,1.911,17
Lipid | TC,T02,Lipid,1.994,17
Lipid | TC,T03,Lipid,1.764,17
Lipid | TC,T04,Lipid,1.73,17
Lipid | TC,T05,Lipid,1.097,17
Lipid | TC,T06,Lipid,0.958,17
Lipid | TC,T07,Lipid,0.701,17
Lipid | TC,T08,Lipid,0.179,17
Lipid | TC,T09,Lipid,0.043,17
Lipid | TC,T10,Lipid,-0.103,17
Lipid | TC,T11,Lipid,-0.787,17
Lipid | TC,T12,Lipid,-0.817,17
Lipid | TC,T13,Lipid,-0.586,17
Lipid | TC,T14,Lipid,-0.185,17
Lipid | TC,T15,Lipid,-0.342,17
Lipid | TC,T16,Lipid,0.077,17
Lipid | TC,T17,Lipid,0.368,17
Lipid | TC,T18,Lipid,-0.262,17
Lipid | TC,T19,Lipid,-0.503,17
Lipid | TC,T20,Lipid,-0.759,17
Lipid | TC,T21,Lipid,-1.138,17
Lipid | TC,T22,Lipid,-1.209,17
Lipid | TC,T23,Lipid,-1.416,17
Lipid | TC,T24,Lipid,-1.699,17
Lipid | TC,T25,Lipid,-1.261,17
Lipid | TC,T26,Lipid,-1.257,17
Lipid | TC,T27,Lipid,-0.801,17
Lipid | TC,T28,Lipid,-0.875,17
Lipid | TC,T29,Lipid,-0.657,17
Lipid | TC,T30,Lipid,-0.241,17
Lipid | TC,T31,Lipid,0.068,17
Lipid | TC,T32,Lipid,0.326,17
Lipid | TC,T33,Lipid,0.334,17
Lipid | TC,T34,Lipid,0.962,17
Lipid | TC,T35,Lipid,1.001,17
Lipid | TC,T36,Lipid,1.386,17
Lipid | LDL_C,T01,Lipid,1.619,18
Lipid | LDL_C,T02,Lipid,1.947,18
Lipid | LDL_C,T03,Lipid,1.689,18
Lipid | LDL_C,T04,Lipid,1.436,18
Lipid | LDL_C,T05,Lipid,1.453,18
Lipid | LDL_C,T06,Lipid,0.995,18
Lipid | LDL_C,T07,Lipid,0.411,18
Lipid | LDL_C,T08,Lipid,0.246,18
Lipid | LDL_C,T09,Lipid,-0.513,18
Lipid | LDL_C,T10,Lipid,-0.84,18
Lipid | LDL_C,T11,Lipid,-1.083,18
Lipid | LDL_C,T12,Lipid,-1.336,18
Lipid | LDL_C,T13,Lipid,-1.105,18
Lipid | LDL_C,T14,Lipid,-1.043,18
Lipid | LDL_C,T15,Lipid,-0.728,18
Lipid | LDL_C,T16,Lipid,-0.184,18
Lipid | LDL_C,T17,Lipid,-0.41,18
Lipid | LDL_C,T18,Lipid,-0.656,18
Lipid | LDL_C,T19,Lipid,-0.23,18
Lipid | LDL_C,T20,Lipid,-0.36,18
Lipid | LDL_C,T21,Lipid,-1.067,18
Lipid | LDL_C,T22,Lipid,-1.452,18
Lipid | LDL_C,T23,Lipid,-1.215,18
Lipid | LDL_C,T24,Lipid,-1.102,18
Lipid | LDL_C,T25,Lipid,-0.9,18
Lipid | LDL_C,T26,Lipid,-0.826,18
Lipid | LDL_C,T27,Lipid,-0.352,18
Lipid | LDL_C,T28,Lipid,-0.161,18
Lipid | LDL_C,T29,Lipid,-0.279,18
Lipid | LDL_C,T30,Lipid,0.258,18
Lipid | LDL_C,T31,Lipid,0.685,18
Lipid | LDL_C,T32,Lipid,0.635,18
Lipid | LDL_C,T33,Lipid,0.806,18
Lipid | LDL_C,T34,Lipid,1.077,18
Lipid | LDL_C,T35,Lipid,1.4,18
Lipid | LDL_C,T36,Lipid,1.184,18
Lipid | HDL_C,T01,Lipid,1.635,19
Lipid | HDL_C,T02,Lipid,1.533,19
Lipid | HDL_C,T03,Lipid,1.811,19
Lipid | HDL_C,T04,Lipid,1.26,19
Lipid | HDL_C,T05,Lipid,1.26,19
Lipid | HDL_C,T06,Lipid,0.384,19
Lipid | HDL_C,T07,Lipid,0.198,19
Lipid | HDL_C,T08,Lipid,-0.351,19
Lipid | HDL_C,T09,Lipid,-1.038,19
Lipid | HDL_C,T10,Lipid,-1.27,19
Lipid | HDL_C,T11,Lipid,-1.37,19
Lipid | HDL_C,T12,Lipid,-1.724,19
Lipid | HDL_C,T13,Lipid,-1.845,19
Lipid | HDL_C,T14,Lipid,-1.27,19
Lipid | HDL_C,T15,Lipid,-1.03,19
Lipid | HDL_C,T16,Lipid,-0.561,19
Lipid | HDL_C,T17,Lipid,-0.267,19
Lipid | HDL_C,T18,Lipid,-0.479,19
Lipid | HDL_C,T19,Lipid,-0.567,19
Lipid | HDL_C,T20,Lipid,-0.401,19
Lipid | HDL_C,T21,Lipid,-0.742,19
Lipid | HDL_C,T22,Lipid,-1.159,19
Lipid | HDL_C,T23,Lipid,-0.53,19
Lipid | HDL_C,T24,Lipid,-0.449,19
Lipid | HDL_C,T25,Lipid,-0.393,19
Lipid | HDL_C,T26,Lipid,-0.274,19
Lipid | HDL_C,T27,Lipid,0.275,19
Lipid | HDL_C,T28,Lipid,0.329,19
Lipid | HDL_C,T29,Lipid,0.776,19
Lipid | HDL_C,T30,Lipid,0.534,19
Lipid | HDL_C,T31,Lipid,0.629,19
Lipid | HDL_C,T32,Lipid,0.656,19
Lipid | HDL_C,T33,Lipid,0.964,19
Lipid | HDL_C,T34,Lipid,1.076,19
Lipid | HDL_C,T35,Lipid,1.31,19
Lipid | HDL_C,T36,Lipid,1.091,19
Lipid | TG,T01,Lipid,1.246,20
Lipid | TG,T02,Lipid,1.236,20
Lipid | TG,T03,Lipid,1.445,20
Lipid | TG,T04,Lipid,1.417,20
Lipid | TG,T05,Lipid,0.655,20
Lipid | TG,T06,Lipid,0.246,20
Lipid | TG,T07,Lipid,-0.083,20
Lipid | TG,T08,Lipid,-0.755,20
Lipid | TG,T09,Lipid,-1.004,20
Lipid | TG,T10,Lipid,-2.185,20
Lipid | TG,T11,Lipid,-2.126,20
Lipid | TG,T12,Lipid,-2.154,20
Lipid | TG,T13,Lipid,-2.284,20
Lipid | TG,T14,Lipid,-1.509,20
Lipid | TG,T15,Lipid,-0.908,20
Lipid | TG,T16,Lipid,-0.177,20
Lipid | TG,T17,Lipid,0.522,20
Lipid | TG,T18,Lipid,0.348,20
Lipid | TG,T19,Lipid,0.076,20
Lipid | TG,T20,Lipid,0.09,20
Lipid | TG,T21,Lipid,0.151,20
Lipid | TG,T22,Lipid,-0.394,20
Lipid | TG,T23,Lipid,-0.299,20
Lipid | TG,T24,Lipid,0.24,20
Lipid | TG,T25,Lipid,0.298,20
Lipid | TG,T26,Lipid,0.702,20
Lipid | TG,T27,Lipid,0.665,20
Lipid | TG,T28,Lipid,0.853,20
Lipid | TG,T29,Lipid,0.403,20
Lipid | TG,T30,Lipid,0.567,20
Lipid | TG,T31,Lipid,0.461,20
Lipid | TG,T32,Lipid,0.21,20
Lipid | TG,T33,Lipid,0.161,20
Lipid | TG,T34,Lipid,0.756,20
Lipid | TG,T35,Lipid,0.606,20
Lipid | TG,T36,Lipid,0.526,20
Lipid | ApoB,T01,Lipid,0.604,21
Lipid | ApoB,T02,Lipid,1.108,21
Lipid | ApoB,T03,Lipid,-0.012,21
Lipid | ApoB,T04,Lipid,0.173,21
Lipid | ApoB,T05,Lipid,0.155,21
Lipid | ApoB,T06,Lipid,0.607,21
Lipid | ApoB,T07,Lipid,-0.261,21
Lipid | ApoB,T08,Lipid,-0.644,21
Lipid | ApoB,T09,Lipid,-1.837,21
Lipid | ApoB,T10,Lipid,-2.29,21
Lipid | ApoB,T11,Lipid,-2.024,21
Lipid | ApoB,T12,Lipid,-2.122,21
Lipid | ApoB,T13,Lipid,-1.58,21
Lipid | ApoB,T14,Lipid,-1.146,21
Lipid | ApoB,T15,Lipid,-0.145,21
Lipid | ApoB,T16,Lipid,0.607,21
Lipid | ApoB,T17,Lipid,1.35,21
Lipid | ApoB,T18,Lipid,1.526,21
Lipid | ApoB,T19,Lipid,0.543,21
Lipid | ApoB,T20,Lipid,-0.011,21
Lipid | ApoB,T21,Lipid,0.76,21
Lipid | ApoB,T22,Lipid,0.67,21
Lipid | ApoB,T23,Lipid,-0.015,21
Lipid | ApoB,T24,Lipid,-0.09,21
Lipid | ApoB,T25,Lipid,0.809,21
Lipid | ApoB,T26,Lipid,1.244,21
Lipid | ApoB,T27,Lipid,1.537,21
Lipid | ApoB,T28,Lipid,0.944,21
Lipid | ApoB,T29,Lipid,0.366,21
Lipid | ApoB,T30,Lipid,-0.135,21
Lipid | ApoB,T31,Lipid,-0.128,21
Lipid | ApoB,T32,Lipid,-0.447,21
Lipid | ApoB,T33,Lipid,-0.79,21
Lipid | ApoB,T34,Lipid,0.248,21
Lipid | ApoB,T35,Lipid,0.253,21
Lipid | ApoB,T36,Lipid,0.171,21
Lipid | ApoA1,T01,Lipid,-0.605,22
Lipid | ApoA1,T02,Lipid,0.04,22
Lipid | ApoA1,T03,Lipid,0.101,22
Lipid | ApoA1,T04,Lipid,0.115,22
Lipid | ApoA1,T05,Lipid,0.336,22
Lipid | ApoA1,T06,Lipid,0.043,22
Lipid | ApoA1,T07,Lipid,-0.141,22
Lipid | ApoA1,T08,Lipid,-0.46,22
Lipid | ApoA1,T09,Lipid,-0.861,22
Lipid | ApoA1,T10,Lipid,-1.743,22
Lipid | ApoA1,T11,Lipid,-1.333,22
Lipid | ApoA1,T12,Lipid,-1.432,22
Lipid | ApoA1,T13,Lipid,-1.295,22
Lipid | ApoA1,T14,Lipid,0.144,22
Lipid | ApoA1,T15,Lipid,0.856,22
Lipid | ApoA1,T16,Lipid,1.39,22
Lipid | ApoA1,T17,Lipid,1.485,22
Lipid | ApoA1,T18,Lipid,1.902,22
Lipid | ApoA1,T19,Lipid,1.334,22
Lipid | ApoA1,T20,Lipid,1.065,22
Lipid | ApoA1,T21,Lipid,0.391,22
Lipid | ApoA1,T22,Lipid,0.672,22
Lipid | ApoA1,T23,Lipid,0.603,22
Lipid | ApoA1,T24,Lipid,0.356,22
Lipid | ApoA1,T25,Lipid,0.878,22
Lipid | ApoA1,T26,Lipid,0.935,22
Lipid | ApoA1,T27,Lipid,1.386,22
Lipid | ApoA1,T28,Lipid,0.868,22
Lipid | ApoA1,T29,Lipid,0.235,22
Lipid | ApoA1,T30,Lipid,-0.125,22
Lipid | ApoA1,T31,Lipid,-0.592,22
Lipid | ApoA1,T32,Lipid,-0.991,22
Lipid | ApoA1,T33,Lipid,-1.455,22
Lipid | ApoA1,T34,Lipid,-1.267,22
Lipid | ApoA1,T35,Lipid,-1.404,22
Lipid | ApoA1,T36,Lipid,-1.43,22
Lipid | Lp_a,T01,Lipid,-0.83,23
Lipid | Lp_a,T02,Lipid,-0.745,23
Lipid | Lp_a,T03,Lipid,-1.083,23
Lipid | Lp_a,T04,Lipid,-0.567,23
Lipid | Lp_a,T05,Lipid,-0.207,23
Lipid | Lp_a,T06,Lipid,-0.138,23
Lipid | Lp_a,T07,Lipid,-0.156,23
Lipid | Lp_a,T08,Lipid,-0.443,23
Lipid | Lp_a,T09,Lipid,-0.735,23
Lipid | Lp_a,T10,Lipid,-0.866,23
Lipid | Lp_a,T11,Lipid,-0.544,23
Lipid | Lp_a,T12,Lipid,-0.394,23
Lipid | Lp_a,T13,Lipid,0.125,23
Lipid | Lp_a,T14,Lipid,0.554,23
Lipid | Lp_a,T15,Lipid,0.82,23
Lipid | Lp_a,T16,Lipid,1.054,23
Lipid | Lp_a,T17,Lipid,1.559,23
Lipid | Lp_a,T18,Lipid,1.733,23
Lipid | Lp_a,T19,Lipid,1.479,23
Lipid | Lp_a,T20,Lipid,1.128,23
Lipid | Lp_a,T21,Lipid,1.068,23
Lipid | Lp_a,T22,Lipid,0.769,23
Lipid | Lp_a,T23,Lipid,0.746,23
Lipid | Lp_a,T24,Lipid,1.043,23
Lipid | Lp_a,T25,Lipid,0.967,23
Lipid | Lp_a,T26,Lipid,1.105,23
Lipid | Lp_a,T27,Lipid,0.964,23
Lipid | Lp_a,T28,Lipid,0.355,23
Lipid | Lp_a,T29,Lipid,0.096,23
Lipid | Lp_a,T30,Lipid,0.064,23
Lipid | Lp_a,T31,Lipid,-0.963,23
Lipid | Lp_a,T32,Lipid,-1.559,23
Lipid | Lp_a,T33,Lipid,-1.783,23
Lipid | Lp_a,T34,Lipid,-1.522,23
Lipid | Lp_a,T35,Lipid,-1.561,23
Lipid | Lp_a,T36,Lipid,-1.531,23
Lipid | Non_HDL_C,T01,Lipid,-1.031,24
Lipid | Non_HDL_C,T02,Lipid,-1.499,24
Lipid | Non_HDL_C,T03,Lipid,-0.894,24
Lipid | Non_HDL_C,T04,Lipid,-0.544,24
Lipid | Non_HDL_C,T05,Lipid,-0.762,24
Lipid | Non_HDL_C,T06,Lipid,-0.497,24
Lipid | Non_HDL_C,T07,Lipid,-0.431,24
Lipid | Non_HDL_C,T08,Lipid,-0.37,24
Lipid | Non_HDL_C,T09,Lipid,-0.231,24
Lipid | Non_HDL_C,T10,Lipid,0.079,24
Lipid | Non_HDL_C,T11,Lipid,0.224,24
Lipid | Non_HDL_C,T12,Lipid,0.059,24
Lipid | Non_HDL_C,T13,Lipid,0.632,24
Lipid | Non_HDL_C,T14,Lipid,0.679,24
Lipid | Non_HDL_C,T15,Lipid,1.278,24
Lipid | Non_HDL_C,T16,Lipid,1.297,24
Lipid | Non_HDL_C,T17,Lipid,1.489,24
Lipid | Non_HDL_C,T18,Lipid,1.512,24
Lipid | Non_HDL_C,T19,Lipid,1.77,24
Lipid | Non_HDL_C,T20,Lipid,1.203,24
Lipid | Non_HDL_C,T21,Lipid,0.765,24
Lipid | Non_HDL_C,T22,Lipid,0.88,24
Lipid | Non_HDL_C,T23,Lipid,0.644,24
Lipid | Non_HDL_C,T24,Lipid,0.639,24
Lipid | Non_HDL_C,T25,Lipid,0.853,24
Lipid | Non_HDL_C,T26,Lipid,0.668,24
Lipid | Non_HDL_C,T27,Lipid,0.548,24
Lipid | Non_HDL_C,T28,Lipid,0.249,24
Lipid | Non_HDL_C,T29,Lipid,-0.044,24
Lipid | Non_HDL_C,T30,Lipid,-0.411,24
Lipid | Non_HDL_C,T31,Lipid,-1.131,24
Lipid | Non_HDL_C,T32,Lipid,-1.075,24
Lipid | Non_HDL_C,T33,Lipid,-1.565,24
Lipid | Non_HDL_C,T34,Lipid,-1.784,24
Lipid | Non_HDL_C,T35,Lipid,-1.631,24
Lipid | Non_HDL_C,T36,Lipid,-1.567,24
Renal | Creatinine,T01,Renal,0.947,25
Renal | Creatinine,T02,Renal,1.159,25
Renal | Creatinine,T03,Renal,0.813,25
Renal | Creatinine,T04,Renal,0.805,25
Renal | Creatinine,T05,Renal,0.571,25
Renal | Creatinine,T06,Renal,0.362,25
Renal | Creatinine,T07,Renal,0.07,25
Renal | Creatinine,T08,Renal,-0.468,25
Renal | Creatinine,T09,Renal,-0.606,25
Renal | Creatinine,T10,Renal,-1.038,25
Renal | Creatinine,T11,Renal,-1.593,25
Renal | Creatinine,T12,Renal,-1.828,25
Renal | Creatinine,T13,Renal,-1.717,25
Renal | Creatinine,T14,Renal,-1.811,25
Renal | Creatinine,T15,Renal,-1.776,25
Renal | Creatinine,T16,Renal,-1.653,25
Renal | Creatinine,T17,Renal,-1.398,25
Renal | Creatinine,T18,Renal,-0.961,25
Renal | Creatinine,T19,Renal,-0.781,25
Renal | Creatinine,T20,Renal,-0.266,25
Renal | Creatinine,T21,Renal,0.261,25
Renal | Creatinine,T22,Renal,0.864,25
Renal | Creatinine,T23,Renal,1.248,25
Renal | Creatinine,T24,Renal,1.101,25
Renal | Creatinine,T25,Renal,0.755,25
Renal | Creatinine,T26,Renal,0.706,25
Renal | Creatinine,T27,Renal,0.646,25
Renal | Creatinine,T28,Renal,0.533,25
Renal | Creatinine,T29,Renal,0.455,25
Renal | Creatinine,T30,Renal,0.476,25
Renal | Creatinine,T31,Renal,0.448,25
Renal | Creatinine,T32,Renal,0.697,25
Renal | Creatinine,T33,Renal,0.57,25
Renal | Creatinine,T34,Renal,0.665,25
Renal | Creatinine,T35,Renal,0.961,25
Renal | Creatinine,T36,Renal,0.782,25
Renal | BUN,T01,Renal,0.591,26
Renal | BUN,T02,Renal,0.523,26
Renal | BUN,T03,Renal,0.42,26
Renal | BUN,T04,Renal,0.502,26
Renal | BUN,T05,Renal,0.059,26
Renal | BUN,T06,Renal,0.146,26
Renal | BUN,T07,Renal,-0.399,26
Renal | BUN,T08,Renal,-0.821,26
Renal | BUN,T09,Renal,-0.959,26
Renal | BUN,T10,Renal,-1.372,26
Renal | BUN,T11,Renal,-1.565,26
Renal | BUN,T12,Renal,-1.6,26
Renal | BUN,T13,Renal,-1.681,26
Renal | BUN,T14,Renal,-1.845,26
Renal | BUN,T15,Renal,-1.595,26
Renal | BUN,T16,Renal,-1.425,26
Renal | BUN,T17,Renal,-1.138,26
Renal | BUN,T18,Renal,-0.877,26
Renal | BUN,T19,Renal,-0.302,26
Renal | BUN,T20,Renal,-0.149,26
Renal | BUN,T21,Renal,0.568,26
Renal | BUN,T22,Renal,0.941,26
Renal | BUN,T23,Renal,1.339,26
Renal | BUN,T24,Renal,1.361,26
Renal | BUN,T25,Renal,1.361,26
Renal | BUN,T26,Renal,1.458,26
Renal | BUN,T27,Renal,1.024,26
Renal | BUN,T28,Renal,0.905,26
Renal | BUN,T29,Renal,0.665,26
Renal | BUN,T30,Renal,0.577,26
Renal | BUN,T31,Renal,0.486,26
Renal | BUN,T32,Renal,0.496,26
Renal | BUN,T33,Renal,0.574,26
Renal | BUN,T34,Renal,0.648,26
Renal | BUN,T35,Renal,0.515,26
Renal | BUN,T36,Renal,0.569,26
Renal | Uric_Acid,T01,Renal,-0.025,27
Renal | Uric_Acid,T02,Renal,0.063,27
Renal | Uric_Acid,T03,Renal,0.131,27
Renal | Uric_Acid,T04,Renal,0.046,27
Renal | Uric_Acid,T05,Renal,-0.141,27
Renal | Uric_Acid,T06,Renal,-0.216,27
Renal | Uric_Acid,T07,Renal,-0.445,27
Renal | Uric_Acid,T08,Renal,-0.571,27
Renal | Uric_Acid,T09,Renal,-0.885,27
Renal | Uric_Acid,T10,Renal,-1.155,27
Renal | Uric_Acid,T11,Renal,-1.241,27
Renal | Uric_Acid,T12,Renal,-1.727,27
Renal | Uric_Acid,T13,Renal,-1.408,27
Renal | Uric_Acid,T14,Renal,-1.857,27
Renal | Uric_Acid,T15,Renal,-1.559,27
Renal | Uric_Acid,T16,Renal,-1.149,27
Renal | Uric_Acid,T17,Renal,-0.885,27
Renal | Uric_Acid,T18,Renal,-0.702,27
Renal | Uric_Acid,T19,Renal,-0.181,27
Renal | Uric_Acid,T20,Renal,0.586,27
Renal | Uric_Acid,T21,Renal,0.894,27
Renal | Uric_Acid,T22,Renal,1.628,27
Renal | Uric_Acid,T23,Renal,1.64,27
Renal | Uric_Acid,T24,Renal,1.772,27
Renal | Uric_Acid,T25,Renal,1.836,27
Renal | Uric_Acid,T26,Renal,1.485,27
Renal | Uric_Acid,T27,Renal,1.118,27
Renal | Uric_Acid,T28,Renal,0.966,27
Renal | Uric_Acid,T29,Renal,0.734,27
Renal | Uric_Acid,T30,Renal,0.373,27
Renal | Uric_Acid,T31,Renal,0.325,27
Renal | Uric_Acid,T32,Renal,0.139,27
Renal | Uric_Acid,T33,Renal,0.24,27
Renal | Uric_Acid,T34,Renal,0.089,27
Renal | Uric_Acid,T35,Renal,0.033,27
Renal | Uric_Acid,T36,Renal,0.049,27
Renal | Cystatin_C,T01,Renal,-0.338,28
Renal | Cystatin_C,T02,Renal,-0.273,28
Renal | Cystatin_C,T03,Renal,-0.462,28
Renal | Cystatin_C,T04,Renal,-0.462,28
Renal | Cystatin_C,T05,Renal,-0.207,28
Renal | Cystatin_C,T06,Renal,-0.462,28
Renal | Cystatin_C,T07,Renal,-0.688,28
Renal | Cystatin_C,T08,Renal,-0.577,28
Renal | Cystatin_C,T09,Renal,-0.722,28
Renal | Cystatin_C,T10,Renal,-1.128,28
Renal | Cystatin_C,T11,Renal,-1.034,28
Renal | Cystatin_C,T12,Renal,-1.069,28
Renal | Cystatin_C,T13,Renal,-1.17,28
Renal | Cystatin_C,T14,Renal,-1.136,28
Renal | Cystatin_C,T15,Renal,-1.332,28
Renal | Cystatin_C,T16,Renal,-0.958,28
Renal | Cystatin_C,T17,Renal,-0.785,28
Renal | Cystatin_C,T18,Renal,-0.434,28
Renal | Cystatin_C,T19,Renal,0.23,28
Renal | Cystatin_C,T20,Renal,0.868,28
Renal | Cystatin_C,T21,Renal,1.457,28
Renal | Cystatin_C,T22,Renal,1.838,28
Renal | Cystatin_C,T23,Renal,1.916,28
Renal | Cystatin_C,T24,Renal,2.031,28
Renal | Cystatin_C,T25,Renal,1.955,28
Renal | Cystatin_C,T26,Renal,1.611,28
Renal | Cystatin_C,T27,Renal,1.282,28
Renal | Cystatin_C,T28,Renal,1.019,28
Renal | Cystatin_C,T29,Renal,0.564,28
Renal | Cystatin_C,T30,Renal,0.17,28
Renal | Cystatin_C,T31,Renal,-0.051,28
Renal | Cystatin_C,T32,Renal,-0.119,28
Renal | Cystatin_C,T33,Renal,-0.34,28
Renal | Cystatin_C,T34,Renal,-0.374,28
Renal | Cystatin_C,T35,Renal,-0.353,28
Renal | Cystatin_C,T36,Renal,-0.466,28
Renal | eGFR,T01,Renal,-0.617,29
Renal | eGFR,T02,Renal,-0.585,29
Renal | eGFR,T03,Renal,-0.716,29
Renal | eGFR,T04,Renal,-0.196,29
Renal | eGFR,T05,Renal,-0.4,29
Renal | eGFR,T06,Renal,-0.525,29
Renal | eGFR,T07,Renal,-0.431,29
Renal | eGFR,T08,Renal,-0.477,29
Renal | eGFR,T09,Renal,-0.404,29
Renal | eGFR,T10,Renal,-0.571,29
Renal | eGFR,T11,Renal,-0.707,29
Renal | eGFR,T12,Renal,-0.678,29
Renal | eGFR,T13,Renal,-0.812,29
Renal | eGFR,T14,Renal,-0.866,29
Renal | eGFR,T15,Renal,-0.843,29
Renal | eGFR,T16,Renal,-0.719,29
Renal | eGFR,T17,Renal,-0.922,29
Renal | eGFR,T18,Renal,-0.306,29
Renal | eGFR,T19,Renal,-0.09,29
Renal | eGFR,T20,Renal,0.829,29
Renal | eGFR,T21,Renal,1.404,29
Renal | eGFR,T22,Renal,2.032,29
Renal | eGFR,T23,Renal,2.321,29
Renal | eGFR,T24,Renal,2.202,29
Renal | eGFR,T25,Renal,1.914,29
Renal | eGFR,T26,Renal,1.731,29
Renal | eGFR,T27,Renal,1.161,29
Renal | eGFR,T28,Renal,0.798,29
Renal | eGFR,T29,Renal,0.517,29
Renal | eGFR,T30,Renal,-0.109,29
Renal | eGFR,T31,Renal,-0.235,29
Renal | eGFR,T32,Renal,-0.512,29
Renal | eGFR,T33,Renal,-0.932,29
Renal | eGFR,T34,Renal,-0.721,29
Renal | eGFR,T35,Renal,-0.76,29
Renal | eGFR,T36,Renal,-0.775,29
Renal | NGAL,T01,Renal,-1.232,30
Renal | NGAL,T02,Renal,-1.102,30
Renal | NGAL,T03,Renal,-0.855,30
Renal | NGAL,T04,Renal,-0.465,30
Renal | NGAL,T05,Renal,-0.513,30
Renal | NGAL,T06,Renal,-0.121,30
Renal | NGAL,T07,Renal,-0.29,30
Renal | NGAL,T08,Renal,-0.074,30
Renal | NGAL,T09,Renal,-0.039,30
Renal | NGAL,T10,Renal,0.278,30
Renal | NGAL,T11,Renal,-0.455,30
Renal | NGAL,T12,Renal,-0.107,30
Renal | NGAL,T13,Renal,-0.447,30
Renal | NGAL,T14,Renal,-0.506,30
Renal | NGAL,T15,Renal,-0.612,30
Renal | NGAL,T16,Renal,-0.538,30
Renal | NGAL,T17,Renal,-0.496,30
Renal | NGAL,T18,Renal,0.065,30
Renal | NGAL,T19,Renal,0.204,30
Renal | NGAL,T20,Renal,1.029,30
Renal | NGAL,T21,Renal,1.312,30
Renal | NGAL,T22,Renal,1.876,30
Renal | NGAL,T23,Renal,1.97,30
Renal | NGAL,T24,Renal,2.237,30
Renal | NGAL,T25,Renal,2.191,30
Renal | NGAL,T26,Renal,1.569,30
Renal | NGAL,T27,Renal,1.087,30
Renal | NGAL,T28,Renal,0.441,30
Renal | NGAL,T29,Renal,0.101,30
Renal | NGAL,T30,Renal,-0.572,30
Renal | NGAL,T31,Renal,-0.846,30
Renal | NGAL,T32,Renal,-0.961,30
Renal | NGAL,T33,Renal,-0.985,30
Renal | NGAL,T34,Renal,-0.833,30
Renal | NGAL,T35,Renal,-1.379,30
Renal | NGAL,T36,Renal,-0.934,30
Renal | KIM1,T01,Renal,-1.341,31
Renal | KIM1,T02,Renal,-1.226,31
Renal | KIM1,T03,Renal,-0.897,31
Renal | KIM1,T04,Renal,-0.677,31
Renal | KIM1,T05,Renal,-0.389,31
Renal | KIM1,T06,Renal,-0.211,31
Renal | KIM1,T07,Renal,-0.15,31
Renal | KIM1,T08,Renal,-0.023,31
Renal | KIM1,T09,Renal,0.391,31
Renal | KIM1,T10,Renal,0.267,31
Renal | KIM1,T11,Renal,0.178,31
Renal | KIM1,T12,Renal,0.187,31
Renal | KIM1,T13,Renal,0.196,31
Renal | KIM1,T14,Renal,-0.016,31
Renal | KIM1,T15,Renal,-0.243,31
Renal | KIM1,T16,Renal,-0.004,31
Renal | KIM1,T17,Renal,0.103,31
Renal | KIM1,T18,Renal,0.128,31
Renal | KIM1,T19,Renal,0.537,31
Renal | KIM1,T20,Renal,1.022,31
Renal | KIM1,T21,Renal,1.469,31
Renal | KIM1,T22,Renal,1.766,31
Renal | KIM1,T23,Renal,1.961,31
Renal | KIM1,T24,Renal,1.929,31
Renal | KIM1,T25,Renal,1.466,31
Renal | KIM1,T26,Renal,1.375,31
Renal | KIM1,T27,Renal,0.616,31
Renal | KIM1,T28,Renal,0.223,31
Renal | KIM1,T29,Renal,0.068,31
Renal | KIM1,T30,Renal,-0.443,31
Renal | KIM1,T31,Renal,-0.731,31
Renal | KIM1,T32,Renal,-1.305,31
Renal | KIM1,T33,Renal,-1.649,31
Renal | KIM1,T34,Renal,-1.61,31
Renal | KIM1,T35,Renal,-1.544,31
Renal | KIM1,T36,Renal,-1.425,31
Renal | Albuminuria,T01,Renal,-1.376,32
Renal | Albuminuria,T02,Renal,-1.368,32
Renal | Albuminuria,T03,Renal,-0.963,32
Renal | Albuminuria,T04,Renal,-0.805,32
Renal | Albuminuria,T05,Renal,-0.231,32
Renal | Albuminuria,T06,Renal,0.056,32
Renal | Albuminuria,T07,Renal,0.255,32
Renal | Albuminuria,T08,Renal,0.573,32
Renal | Albuminuria,T09,Renal,0.746,32
Renal | Albuminuria,T10,Renal,0.817,32
Renal | Albuminuria,T11,Renal,1.117,32
Renal | Albuminuria,T12,Renal,0.784,32
Renal | Albuminuria,T13,Renal,0.644,32
Renal | Albuminuria,T14,Renal,0.22,32
Renal | Albuminuria,T15,Renal,0.229,32
Renal | Albuminuria,T16,Renal,0.187,32
Renal | Albuminuria,T17,Renal,0.074,32
Renal | Albuminuria,T18,Renal,0.442,32
Renal | Albuminuria,T19,Renal,0.429,32
Renal | Albuminuria,T20,Renal,0.958,32
Renal | Albuminuria,T21,Renal,1.131,32
Renal | Albuminuria,T22,Renal,1.409,32
Renal | Albuminuria,T23,Renal,1.519,32
Renal | Albuminuria,T24,Renal,1.472,32
Renal | Albuminuria,T25,Renal,1.483,32
Renal | Albuminuria,T26,Renal,0.54,32
Renal | Albuminuria,T27,Renal,0.155,32
Renal | Albuminuria,T28,Renal,-0.092,32
Renal | Albuminuria,T29,Renal,-0.46,32
Renal | Albuminuria,T30,Renal,-0.78,32
Renal | Albuminuria,T31,Renal,-1.175,32
Renal | Albuminuria,T32,Renal,-1.585,32
Renal | Albuminuria,T33,Renal,-1.572,32
Renal | Albuminuria,T34,Renal,-1.648,32
Renal | Albuminuria,T35,Renal,-1.727,32
Renal | Albuminuria,T36,Renal,-1.457,32
Cardiac | cTnI,T01,Cardiac,-0.066,33
Cardiac | cTnI,T02,Cardiac,-0.143,33
Cardiac | cTnI,T03,Cardiac,-0.025,33
Cardiac | cTnI,T04,Cardiac,-0.11,33
Cardiac | cTnI,T05,Cardiac,-0.181,33
Cardiac | cTnI,T06,Cardiac,-0.131,33
Cardiac | cTnI,T07,Cardiac,-0.642,33
Cardiac | cTnI,T08,Cardiac,-0.693,33
Cardiac | cTnI,T09,Cardiac,-0.836,33
Cardiac | cTnI,T10,Cardiac,-0.925,33
Cardiac | cTnI,T11,Cardiac,-1.074,33
Cardiac | cTnI,T12,Cardiac,-1.339,33
Cardiac | cTnI,T13,Cardiac,-1.403,33
Cardiac | cTnI,T14,Cardiac,-1.467,33
Cardiac | cTnI,T15,Cardiac,-1.164,33
Cardiac | cTnI,T16,Cardiac,-1.175,33
Cardiac | cTnI,T17,Cardiac,-1.245,33
Cardiac | cTnI,T18,Cardiac,-0.99,33
Cardiac | cTnI,T19,Cardiac,-0.72,33
Cardiac | cTnI,T20,Cardiac,-0.375,33
Cardiac | cTnI,T21,Cardiac,0.26,33
Cardiac | cTnI,T22,Cardiac,0.637,33
Cardiac | cTnI,T23,Cardiac,1.157,33
Cardiac | cTnI,T24,Cardiac,1.373,33
Cardiac | cTnI,T25,Cardiac,1.716,33
Cardiac | cTnI,T26,Cardiac,1.926,33
Cardiac | cTnI,T27,Cardiac,1.908,33
Cardiac | cTnI,T28,Cardiac,1.72,33
Cardiac | cTnI,T29,Cardiac,1.247,33
Cardiac | cTnI,T30,Cardiac,1.111,33
Cardiac | cTnI,T31,Cardiac,0.619,33
Cardiac | cTnI,T32,Cardiac,0.496,33
Cardiac | cTnI,T33,Cardiac,0.255,33
Cardiac | cTnI,T34,Cardiac,0.025,33
Cardiac | cTnI,T35,Cardiac,0.092,33
Cardiac | cTnI,T36,Cardiac,0.16,33
Cardiac | cTnT,T01,Cardiac,-0.448,34
Cardiac | cTnT,T02,Cardiac,-0.521,34
Cardiac | cTnT,T03,Cardiac,-0.346,34
Cardiac | cTnT,T04,Cardiac,-0.391,34
Cardiac | cTnT,T05,Cardiac,-0.524,34
Cardiac | cTnT,T06,Cardiac,-0.457,34
Cardiac | cTnT,T07,Cardiac,-0.399,34
Cardiac | cTnT,T08,Cardiac,-0.476,34
Cardiac | cTnT,T09,Cardiac,-0.885,34
Cardiac | cTnT,T10,Cardiac,-0.96,34
Cardiac | cTnT,T11,Cardiac,-0.829,34
Cardiac | cTnT,T12,Cardiac,-1.174,34
Cardiac | cTnT,T13,Cardiac,-1.279,34
Cardiac | cTnT,T14,Cardiac,-1.246,34
Cardiac | cTnT,T15,Cardiac,-1.16,34
Cardiac | cTnT,T16,Cardiac,-1.144,34
Cardiac | cTnT,T17,Cardiac,-1.041,34
Cardiac | cTnT,T18,Cardiac,-0.785,34
Cardiac | cTnT,T19,Cardiac,-0.435,34
Cardiac | cTnT,T20,Cardiac,-0.026,34
Cardiac | cTnT,T21,Cardiac,0.747,34
Cardiac | cTnT,T22,Cardiac,1.016,34
Cardiac | cTnT,T23,Cardiac,1.5,34
Cardiac | cTnT,T24,Cardiac,1.717,34
Cardiac | cTnT,T25,Cardiac,1.985,34
Cardiac | cTnT,T26,Cardiac,2.02,34
Cardiac | cTnT,T27,Cardiac,1.745,34
Cardiac | cTnT,T28,Cardiac,1.619,34
Cardiac | cTnT,T29,Cardiac,1.206,34
Cardiac | cTnT,T30,Cardiac,0.739,34
Cardiac | cTnT,T31,Cardiac,0.435,34
Cardiac | cTnT,T32,Cardiac,0.342,34
Cardiac | cTnT,T33,Cardiac,-0.039,34
Cardiac | cTnT,T34,Cardiac,-0.064,34
Cardiac | cTnT,T35,Cardiac,-0.228,34
Cardiac | cTnT,T36,Cardiac,-0.215,34
Cardiac | BNP,T01,Cardiac,-0.995,35
Cardiac | BNP,T02,Cardiac,-0.812,35
Cardiac | BNP,T03,Cardiac,-0.726,35
Cardiac | BNP,T04,Cardiac,-0.784,35
Cardiac | BNP,T05,Cardiac,-0.596,35
Cardiac | BNP,T06,Cardiac,-0.54,35
Cardiac | BNP,T07,Cardiac,-0.624,35
Cardiac | BNP,T08,Cardiac,-0.68,35
Cardiac | BNP,T09,Cardiac,-0.71,35
Cardiac | BNP,T10,Cardiac,-0.625,35
Cardiac | BNP,T11,Cardiac,-0.662,35
Cardiac | BNP,T12,Cardiac,-0.849,35
Cardiac | BNP,T13,Cardiac,-0.836,35
Cardiac | BNP,T14,Cardiac,-0.837,35
Cardiac | BNP,T15,Cardiac,-0.855,35
Cardiac | BNP,T16,Cardiac,-0.719,35
Cardiac | BNP,T17,Cardiac,-0.62,35
Cardiac | BNP,T18,Cardiac,-0.625,35
Cardiac | BNP,T19,Cardiac,-0.02,35
Cardiac | BNP,T20,Cardiac,0.159,35
Cardiac | BNP,T21,Cardiac,0.77,35
Cardiac | BNP,T22,Cardiac,1.121,35
Cardiac | BNP,T23,Cardiac,1.486,35
Cardiac | BNP,T24,Cardiac,1.679,35
Cardiac | BNP,T25,Cardiac,2.064,35
Cardiac | BNP,T26,Cardiac,1.975,35
Cardiac | BNP,T27,Cardiac,2.105,35
Cardiac | BNP,T28,Cardiac,1.854,35
Cardiac | BNP,T29,Cardiac,1.178,35
Cardiac | BNP,T30,Cardiac,0.797,35
Cardiac | BNP,T31,Cardiac,0.216,35
Cardiac | BNP,T32,Cardiac,-0.172,35
Cardiac | BNP,T33,Cardiac,-0.319,35
Cardiac | BNP,T34,Cardiac,-0.585,35
Cardiac | BNP,T35,Cardiac,-0.487,35
Cardiac | BNP,T36,Cardiac,-0.725,35
Cardiac | NT_proBNP,T01,Cardiac,-1.096,36
Cardiac | NT_proBNP,T02,Cardiac,-1.099,36
Cardiac | NT_proBNP,T03,Cardiac,-0.866,36
Cardiac | NT_proBNP,T04,Cardiac,-0.842,36
Cardiac | NT_proBNP,T05,Cardiac,-0.621,36
Cardiac | NT_proBNP,T06,Cardiac,-0.475,36
Cardiac | NT_proBNP,T07,Cardiac,-0.441,36
Cardiac | NT_proBNP,T08,Cardiac,-0.185,36
Cardiac | NT_proBNP,T09,Cardiac,-0.156,36
Cardiac | NT_proBNP,T10,Cardiac,-0.18,36
Cardiac | NT_proBNP,T11,Cardiac,-0.127,36
Cardiac | NT_proBNP,T12,Cardiac,-0.233,36
Cardiac | NT_proBNP,T13,Cardiac,-0.571,36
Cardiac | NT_proBNP,T14,Cardiac,-0.606,36
Cardiac | NT_proBNP,T15,Cardiac,-0.827,36
Cardiac | NT_proBNP,T16,Cardiac,-0.79,36
Cardiac | NT_proBNP,T17,Cardiac,-0.81,36
Cardiac | NT_proBNP,T18,Cardiac,-0.371,36
Cardiac | NT_proBNP,T19,Cardiac,-0.226,36
Cardiac | NT_proBNP,T20,Cardiac,0.099,36
Cardiac | NT_proBNP,T21,Cardiac,0.725,36
Cardiac | NT_proBNP,T22,Cardiac,0.797,36
Cardiac | NT_proBNP,T23,Cardiac,1.26,36
Cardiac | NT_proBNP,T24,Cardiac,1.963,36
Cardiac | NT_proBNP,T25,Cardiac,2.113,36
Cardiac | NT_proBNP,T26,Cardiac,2.193,36
Cardiac | NT_proBNP,T27,Cardiac,1.852,36
Cardiac | NT_proBNP,T28,Cardiac,1.652,36
Cardiac | NT_proBNP,T29,Cardiac,1.389,36
Cardiac | NT_proBNP,T30,Cardiac,0.678,36
Cardiac | NT_proBNP,T31,Cardiac,0.054,36
Cardiac | NT_proBNP,T32,Cardiac,-0.471,36
Cardiac | NT_proBNP,T33,Cardiac,-0.788,36
Cardiac | NT_proBNP,T34,Cardiac,-1.182,36
Cardiac | NT_proBNP,T35,Cardiac,-0.959,36
Cardiac | NT_proBNP,T36,Cardiac,-0.85,36
Cardiac | CK_MB,T01,Cardiac,-1.487,37
Cardiac | CK_MB,T02,Cardiac,-1.194,37
Cardiac | CK_MB,T03,Cardiac,-1.035,37
Cardiac | CK_MB,T04,Cardiac,-0.751,37
Cardiac | CK_MB,T05,Cardiac,-0.351,37
Cardiac | CK_MB,T06,Cardiac,-0.402,37
Cardiac | CK_MB,T07,Cardiac,0.157,37
Cardiac | CK_MB,T08,Cardiac,0.309,37
Cardiac | CK_MB,T09,Cardiac,0.235,37
Cardiac | CK_MB,T10,Cardiac,-0.078,37
Cardiac | CK_MB,T11,Cardiac,0.039,37
Cardiac | CK_MB,T12,Cardiac,0.193,37
Cardiac | CK_MB,T13,Cardiac,-0.551,37
Cardiac | CK_MB,T14,Cardiac,-0.447,37
Cardiac | CK_MB,T15,Cardiac,-0.775,37
Cardiac | CK_MB,T16,Cardiac,-0.661,37
Cardiac | CK_MB,T17,Cardiac,-0.91,37
Cardiac | CK_MB,T18,Cardiac,-0.673,37
Cardiac | CK_MB,T19,Cardiac,-0.41,37
Cardiac | CK_MB,T20,Cardiac,0.133,37
Cardiac | CK_MB,T21,Cardiac,0.317,37
Cardiac | CK_MB,T22,Cardiac,0.899,37
Cardiac | CK_MB,T23,Cardiac,1.138,37
Cardiac | CK_MB,T24,Cardiac,1.925,37
Cardiac | CK_MB,T25,Cardiac,1.953,37
Cardiac | CK_MB,T26,Cardiac,2.08,37
Cardiac | CK_MB,T27,Cardiac,2.022,37
Cardiac | CK_MB,T28,Cardiac,1.456,37
Cardiac | CK_MB,T29,Cardiac,1.171,37
Cardiac | CK_MB,T30,Cardiac,0.667,37
Cardiac | CK_MB,T31,Cardiac,-0.004,37
Cardiac | CK_MB,T32,Cardiac,-0.736,37
Cardiac | CK_MB,T33,Cardiac,-0.869,37
Cardiac | CK_MB,T34,Cardiac,-0.928,37
Cardiac | CK_MB,T35,Cardiac,-1.315,37
Cardiac | CK_MB,T36,Cardiac,-1.119,37
Cardiac | Myoglobin,T01,Cardiac,-1.38,38
Cardiac | Myoglobin,T02,Cardiac,-1.25,38
Cardiac | Myoglobin,T03,Cardiac,-0.931,38
Cardiac | Myoglobin,T04,Cardiac,-0.367,38
Cardiac | Myoglobin,T05,Cardiac,-0.23,38
Cardiac | Myoglobin,T06,Cardiac,0.128,38
Cardiac | Myoglobin,T07,Cardiac,0.72,38
Cardiac | Myoglobin,T08,Cardiac,0.47,38
Cardiac | Myoglobin,T09,Cardiac,0.488,38
Cardiac | Myoglobin,T10,Cardiac,0.683,38
Cardiac | Myoglobin,T11,Cardiac,0.587,38
Cardiac | Myoglobin,T12,Cardiac,0.243,38
Cardiac | Myoglobin,T13,Cardiac,-0.113,38
Cardiac | Myoglobin,T14,Cardiac,0.072,38
Cardiac | Myoglobin,T15,Cardiac,-0.566,38
Cardiac | Myoglobin,T16,Cardiac,-1.007,38
Cardiac | Myoglobin,T17,Cardiac,-0.916,38
Cardiac | Myoglobin,T18,Cardiac,-1.074,38
Cardiac | Myoglobin,T19,Cardiac,-0.917,38
Cardiac | Myoglobin,T20,Cardiac,-0.449,38
Cardiac | Myoglobin,T21,Cardiac,-0.267,38
Cardiac | Myoglobin,T22,Cardiac,0.522,38
Cardiac | Myoglobin,T23,Cardiac,1.309,38
Cardiac | Myoglobin,T24,Cardiac,1.579,38
Cardiac | Myoglobin,T25,Cardiac,1.81,38
Cardiac | Myoglobin,T26,Cardiac,1.945,38
Cardiac | Myoglobin,T27,Cardiac,1.861,38
Cardiac | Myoglobin,T28,Cardiac,1.531,38
Cardiac | Myoglobin,T29,Cardiac,0.962,38
Cardiac | Myoglobin,T30,Cardiac,0.52,38
Cardiac | Myoglobin,T31,Cardiac,-0.508,38
Cardiac | Myoglobin,T32,Cardiac,-0.621,38
Cardiac | Myoglobin,T33,Cardiac,-1.164,38
Cardiac | Myoglobin,T34,Cardiac,-1.226,38
Cardiac | Myoglobin,T35,Cardiac,-1.473,38
Cardiac | Myoglobin,T36,Cardiac,-0.971,38
Cardiac | QTc,T01,Cardiac,-1.314,39
Cardiac | QTc,T02,Cardiac,-1.093,39
Cardiac | QTc,T03,Cardiac,-1.128,39
Cardiac | QTc,T04,Cardiac,-0.366,39
Cardiac | QTc,T05,Cardiac,-0.013,39
Cardiac | QTc,T06,Cardiac,0.077,39
Cardiac | QTc,T07,Cardiac,0.668,39
Cardiac | QTc,T08,Cardiac,0.994,39
Cardiac | QTc,T09,Cardiac,1.184,39
Cardiac | QTc,T10,Cardiac,1.168,39
Cardiac | QTc,T11,Cardiac,1.101,39
Cardiac | QTc,T12,Cardiac,1.075,39
Cardiac | QTc,T13,Cardiac,0.72,39
Cardiac | QTc,T14,Cardiac,-0.307,39
Cardiac | QTc,T15,Cardiac,-0.335,39
Cardiac | QTc,T16,Cardiac,-0.695,39
Cardiac | QTc,T17,Cardiac,-1.217,39
Cardiac | QTc,T18,Cardiac,-1.049,39
Cardiac | QTc,T19,Cardiac,-0.803,39
Cardiac | QTc,T20,Cardiac,-0.918,39
Cardiac | QTc,T21,Cardiac,-0.311,39
Cardiac | QTc,T22,Cardiac,-0.024,39
Cardiac | QTc,T23,Cardiac,0.528,39
Cardiac | QTc,T24,Cardiac,1.343,39
Cardiac | QTc,T25,Cardiac,1.402,39
Cardiac | QTc,T26,Cardiac,1.74,39
Cardiac | QTc,T27,Cardiac,1.318,39
Cardiac | QTc,T28,Cardiac,1.584,39
Cardiac | QTc,T29,Cardiac,0.885,39
Cardiac | QTc,T30,Cardiac,0.165,39
Cardiac | QTc,T31,Cardiac,-0.301,39
Cardiac | QTc,T32,Cardiac,-1.085,39
Cardiac | QTc,T33,Cardiac,-1.007,39
Cardiac | QTc,T34,Cardiac,-1.389,39
Cardiac | QTc,T35,Cardiac,-1.356,39
Cardiac | QTc,T36,Cardiac,-1.241,39
Cardiac | Heart_Rate,T01,Cardiac,-1.386,40
Cardiac | Heart_Rate,T02,Cardiac,-0.906,40
Cardiac | Heart_Rate,T03,Cardiac,-0.598,40
Cardiac | Heart_Rate,T04,Cardiac,-0.115,40
Cardiac | Heart_Rate,T05,Cardiac,0.231,40
Cardiac | Heart_Rate,T06,Cardiac,0.734,40
Cardiac | Heart_Rate,T07,Cardiac,0.97,40
Cardiac | Heart_Rate,T08,Cardiac,1.647,40
Cardiac | Heart_Rate,T09,Cardiac,1.268,40
Cardiac | Heart_Rate,T10,Cardiac,1.732,40
Cardiac | Heart_Rate,T11,Cardiac,1.656,40
Cardiac | Heart_Rate,T12,Cardiac,1.097,40
Cardiac | Heart_Rate,T13,Cardiac,1.189,40
Cardiac | Heart_Rate,T14,Cardiac,0.551,40
Cardiac | Heart_Rate,T15,Cardiac,0.044,40
Cardiac | Heart_Rate,T16,Cardiac,-0.576,40
Cardiac | Heart_Rate,T17,Cardiac,-1.001,40
Cardiac | Heart_Rate,T18,Cardiac,-1.237,40
Cardiac | Heart_Rate,T19,Cardiac,-1.203,40
Cardiac | Heart_Rate,T20,Cardiac,-0.926,40
Cardiac | Heart_Rate,T21,Cardiac,-0.82,40
Cardiac | Heart_Rate,T22,Cardiac,-0.582,40
Cardiac | Heart_Rate,T23,Cardiac,0.132,40
Cardiac | Heart_Rate,T24,Cardiac,0.603,40
Cardiac | Heart_Rate,T25,Cardiac,0.942,40
Cardiac | Heart_Rate,T26,Cardiac,1.176,40
Cardiac | Heart_Rate,T27,Cardiac,1.033,40
Cardiac | Heart_Rate,T28,Cardiac,0.717,40
Cardiac | Heart_Rate,T29,Cardiac,0.327,40
Cardiac | Heart_Rate,T30,Cardiac,-0.274,40
Cardiac | Heart_Rate,T31,Cardiac,-0.477,40
Cardiac | Heart_Rate,T32,Cardiac,-0.909,40
Cardiac | Heart_Rate,T33,Cardiac,-1.207,40
Cardiac | Heart_Rate,T34,Cardiac,-1.665,40
Cardiac | Heart_Rate,T35,Cardiac,-1.354,40
Cardiac | Heart_Rate,T36,Cardiac,-0.812,40
Body | BMI,T01,Body,-1.26,41
Body | BMI,T02,Body,-1.037,41
Body | BMI,T03,Body,-1.139,41
Body | BMI,T04,Body,-0.638,41
Body | BMI,T05,Body,-0.72,41
Body | BMI,T06,Body,-0.57,41
Body | BMI,T07,Body,-0.258,41
Body | BMI,T08,Body,-0.368,41
Body | BMI,T09,Body,-0.668,41
Body | BMI,T10,Body,-0.827,41
Body | BMI,T11,Body,-0.959,41
Body | BMI,T12,Body,-1.041,41
Body | BMI,T13,Body,-1.295,41
Body | BMI,T14,Body,-1.442,41
Body | BMI,T15,Body,-1.199,41
Body | BMI,T16,Body,-1.254,41
Body | BMI,T17,Body,-0.64,41
Body | BMI,T18,Body,-0.5,41
Body | BMI,T19,Body,0.215,41
Body | BMI,T20,Body,0.529,41
Body | BMI,T21,Body,1.05,41
Body | BMI,T22,Body,1.174,41
Body | BMI,T23,Body,1.378,41
Body | BMI,T24,Body,1.649,41
Body | BMI,T25,Body,1.716,41
Body | BMI,T26,Body,1.524,41
Body | BMI,T27,Body,1.254,41
Body | BMI,T28,Body,1.147,41
Body | BMI,T29,Body,1.055,41
Body | BMI,T30,Body,0.926,41
Body | BMI,T31,Body,1.046,41
Body | BMI,T32,Body,0.984,41
Body | BMI,T33,Body,0.568,41
Body | BMI,T34,Body,-0.035,41
Body | BMI,T35,Body,-0.068,41
Body | BMI,T36,Body,-0.299,41
Body | Waist,T01,Body,-1.432,42
Body | Waist,T02,Body,-1.789,42
Body | Waist,T03,Body,-1.439,42
Body | Waist,T04,Body,-0.912,42
Body | Waist,T05,Body,-0.848,42
Body | Waist,T06,Body,-0.612,42
Body | Waist,T07,Body,-0.499,42
Body | Waist,T08,Body,-0.354,42
Body | Waist,T09,Body,-0.25,42
Body | Waist,T10,Body,-0.509,42
Body | Waist,T11,Body,-0.382,42
Body | Waist,T12,Body,-0.854,42
Body | Waist,T13,Body,-0.785,42
Body | Waist,T14,Body,-0.93,42
Body | Waist,T15,Body,-1.066,42
Body | Waist,T16,Body,-0.867,42
Body | Waist,T17,Body,-0.684,42
Body | Waist,T18,Body,-0.353,42
Body | Waist,T19,Body,0.213,42
Body | Waist,T20,Body,0.58,42
Body | Waist,T21,Body,1.193,42
Body | Waist,T22,Body,1.3,42
Body | Waist,T23,Body,1.747,42
Body | Waist,T24,Body,1.543,42
Body | Waist,T25,Body,1.583,42
Body | Waist,T26,Body,1.455,42
Body | Waist,T27,Body,1.573,42
Body | Waist,T28,Body,1.279,42
Body | Waist,T29,Body,1.059,42
Body | Waist,T30,Body,1.011,42
Body | Waist,T31,Body,0.46,42
Body | Waist,T32,Body,0.491,42
Body | Waist,T33,Body,0.447,42
Body | Waist,T34,Body,-0.175,42
Body | Waist,T35,Body,-0.513,42
Body | Waist,T36,Body,-0.681,42
Body | WHR,T01,Body,-1.974,43
Body | WHR,T02,Body,-2.201,43
Body | WHR,T03,Body,-1.835,43
Body | WHR,T04,Body,-1.168,43
Body | WHR,T05,Body,-0.932,43
Body | WHR,T06,Body,-0.248,43
Body | WHR,T07,Body,-0.196,43
Body | WHR,T08,Body,-0.225,43
Body | WHR,T09,Body,0.007,43
Body | WHR,T10,Body,-0.216,43
Body | WHR,T11,Body,0.084,43
Body | WHR,T12,Body,-0.097,43
Body | WHR,T13,Body,-0.366,43
Body | WHR,T14,Body,-0.34,43
Body | WHR,T15,Body,-0.445,43
Body | WHR,T16,Body,-0.646,43
Body | WHR,T17,Body,-0.78,43
Body | WHR,T18,Body,-0.025,43
Body | WHR,T19,Body,0.371,43
Body | WHR,T20,Body,0.757,43
Body | WHR,T21,Body,1.24,43
Body | WHR,T22,Body,1.18,43
Body | WHR,T23,Body,1.842,43
Body | WHR,T24,Body,1.407,43
Body | WHR,T25,Body,1.609,43
Body | WHR,T26,Body,1.082,43
Body | WHR,T27,Body,1.033,43
Body | WHR,T28,Body,1.257,43
Body | WHR,T29,Body,0.826,43
Body | WHR,T30,Body,0.849,43
Body | WHR,T31,Body,0.558,43
Body | WHR,T32,Body,0.231,43
Body | WHR,T33,Body,0.116,43
Body | WHR,T34,Body,-0.516,43
Body | WHR,T35,Body,-1.091,43
Body | WHR,T36,Body,-1.145,43
Body | Body_Fat,T01,Body,-2.379,44
Body | Body_Fat,T02,Body,-2.043,44
Body | Body_Fat,T03,Body,-1.974,44
Body | Body_Fat,T04,Body,-1.244,44
Body | Body_Fat,T05,Body,-0.642,44
Body | Body_Fat,T06,Body,-0.055,44
Body | Body_Fat,T07,Body,0.194,44
Body | Body_Fat,T08,Body,0.688,44
Body | Body_Fat,T09,Body,0.844,44
Body | Body_Fat,T10,Body,1.158,44
Body | Body_Fat,T11,Body,0.982,44
Body | Body_Fat,T12,Body,0.445,44
Body | Body_Fat,T13,Body,-0.034,44
Body | Body_Fat,T14,Body,-0.352,44
Body | Body_Fat,T15,Body,-0.889,44
Body | Body_Fat,T16,Body,-1.119,44
Body | Body_Fat,T17,Body,-1.024,44
Body | Body_Fat,T18,Body,-0.71,44
Body | Body_Fat,T19,Body,-0.434,44
Body | Body_Fat,T20,Body,0.287,44
Body | Body_Fat,T21,Body,0.822,44
Body | Body_Fat,T22,Body,0.663,44
Body | Body_Fat,T23,Body,1.211,44
Body | Body_Fat,T24,Body,1.243,44
Body | Body_Fat,T25,Body,1.339,44
Body | Body_Fat,T26,Body,1.173,44
Body | Body_Fat,T27,Body,0.757,44
Body | Body_Fat,T28,Body,0.698,44
Body | Body_Fat,T29,Body,0.892,44
Body | Body_Fat,T30,Body,1.013,44
Body | Body_Fat,T31,Body,0.174,44
Body | Body_Fat,T32,Body,0.443,44
Body | Body_Fat,T33,Body,0.237,44
Body | Body_Fat,T34,Body,-0.478,44
Body | Body_Fat,T35,Body,-0.705,44
Body | Body_Fat,T36,Body,-1.185,44
Body | Visceral_Fat,T01,Body,-2.214,45
Body | Visceral_Fat,T02,Body,-2.161,45
Body | Visceral_Fat,T03,Body,-1.819,45
Body | Visceral_Fat,T04,Body,-0.51,45
Body | Visceral_Fat,T05,Body,-0.341,45
Body | Visceral_Fat,T06,Body,0.342,45
Body | Visceral_Fat,T07,Body,0.612,45
Body | Visceral_Fat,T08,Body,0.945,45
Body | Visceral_Fat,T09,Body,1.378,45
Body | Visceral_Fat,T10,Body,1.203,45
Body | Visceral_Fat,T11,Body,1.187,45
Body | Visceral_Fat,T12,Body,0.755,45
Body | Visceral_Fat,T13,Body,0.158,45
Body | Visceral_Fat,T14,Body,-0.451,45
Body | Visceral_Fat,T15,Body,-0.657,45
Body | Visceral_Fat,T16,Body,-1.572,45
Body | Visceral_Fat,T17,Body,-1.441,45
Body | Visceral_Fat,T18,Body,-1.047,45
Body | Visceral_Fat,T19,Body,-0.718,45
Body | Visceral_Fat,T20,Body,-0.925,45
Body | Visceral_Fat,T21,Body,-0.273,45
Body | Visceral_Fat,T22,Body,0.455,45
Body | Visceral_Fat,T23,Body,0.538,45
Body | Visceral_Fat,T24,Body,0.648,45
Body | Visceral_Fat,T25,Body,0.655,45
Body | Visceral_Fat,T26,Body,0.669,45
Body | Visceral_Fat,T27,Body,0.859,45
Body | Visceral_Fat,T28,Body,0.796,45
Body | Visceral_Fat,T29,Body,0.914,45
Body | Visceral_Fat,T30,Body,0.984,45
Body | Visceral_Fat,T31,Body,0.765,45
Body | Visceral_Fat,T32,Body,0.837,45
Body | Visceral_Fat,T33,Body,1.025,45
Body | Visceral_Fat,T34,Body,-0.438,45
Body | Visceral_Fat,T35,Body,-0.347,45
Body | Visceral_Fat,T36,Body,-0.813,45
Body | Muscle_Mass,T01,Body,-1.529,46
Body | Muscle_Mass,T02,Body,-1.302,46
Body | Muscle_Mass,T03,Body,-0.717,46
Body | Muscle_Mass,T04,Body,-0.124,46
Body | Muscle_Mass,T05,Body,0.209,46
Body | Muscle_Mass,T06,Body,0.909,46
Body | Muscle_Mass,T07,Body,0.632,46
Body | Muscle_Mass,T08,Body,1.738,46
Body | Muscle_Mass,T09,Body,1.626,46
Body | Muscle_Mass,T10,Body,1.704,46
Body | Muscle_Mass,T11,Body,0.963,46
Body | Muscle_Mass,T12,Body,0.583,46
Body | Muscle_Mass,T13,Body,0.194,46
Body | Muscle_Mass,T14,Body,-0.467,46
Body | Muscle_Mass,T15,Body,-0.969,46
Body | Muscle_Mass,T16,Body,-1.216,46
Body | Muscle_Mass,T17,Body,-1.998,46
Body | Muscle_Mass,T18,Body,-1.43,46
Body | Muscle_Mass,T19,Body,-1.445,46
Body | Muscle_Mass,T20,Body,-1.2,46
Body | Muscle_Mass,T21,Body,-1.127,46
Body | Muscle_Mass,T22,Body,-0.405,46
Body | Muscle_Mass,T23,Body,-0.72,46
Body | Muscle_Mass,T24,Body,0.132,46
Body | Muscle_Mass,T25,Body,-0.121,46
Body | Muscle_Mass,T26,Body,0.354,46
Body | Muscle_Mass,T27,Body,0.482,46
Body | Muscle_Mass,T28,Body,0.926,46
Body | Muscle_Mass,T29,Body,0.84,46
Body | Muscle_Mass,T30,Body,0.884,46
Body | Muscle_Mass,T31,Body,0.966,46
Body | Muscle_Mass,T32,Body,1.214,46
Body | Muscle_Mass,T33,Body,0.793,46
Body | Muscle_Mass,T34,Body,0.244,46
Body | Muscle_Mass,T35,Body,-0.069,46
Body | Muscle_Mass,T36,Body,-0.556,46
Body | VO2max,T01,Body,-0.936,47
Body | VO2max,T02,Body,-1.018,47
Body | VO2max,T03,Body,-0.258,47
Body | VO2max,T04,Body,0.044,47
Body | VO2max,T05,Body,0.838,47
Body | VO2max,T06,Body,0.673,47
Body | VO2max,T07,Body,1.182,47
Body | VO2max,T08,Body,1.737,47
Body | VO2max,T09,Body,1.741,47
Body | VO2max,T10,Body,1.367,47
Body | VO2max,T11,Body,1.272,47
Body | VO2max,T12,Body,0.826,47
Body | VO2max,T13,Body,0.342,47
Body | VO2max,T14,Body,-0.398,47
Body | VO2max,T15,Body,-0.841,47
Body | VO2max,T16,Body,-1.518,47
Body | VO2max,T17,Body,-1.502,47
Body | VO2max,T18,Body,-1.547,47
Body | VO2max,T19,Body,-1.607,47
Body | VO2max,T20,Body,-1.681,47
Body | VO2max,T21,Body,-1.044,47
Body | VO2max,T22,Body,-0.916,47
Body | VO2max,T23,Body,-0.868,47
Body | VO2max,T24,Body,-0.58,47
Body | VO2max,T25,Body,-0.572,47
Body | VO2max,T26,Body,-0.282,47
Body | VO2max,T27,Body,0.028,47
Body | VO2max,T28,Body,0.571,47
Body | VO2max,T29,Body,0.527,47
Body | VO2max,T30,Body,0.959,47
Body | VO2max,T31,Body,0.893,47
Body | VO2max,T32,Body,1.005,47
Body | VO2max,T33,Body,0.78,47
Body | VO2max,T34,Body,0.694,47
Body | VO2max,T35,Body,0.211,47
Body | VO2max,T36,Body,-0.123,47
Body | SpO2,T01,Body,-0.559,48
Body | SpO2,T02,Body,-0.248,48
Body | SpO2,T03,Body,-0.089,48
Body | SpO2,T04,Body,0.417,48
Body | SpO2,T05,Body,0.607,48
Body | SpO2,T06,Body,1.266,48
Body | SpO2,T07,Body,0.973,48
Body | SpO2,T08,Body,1.387,48
Body | SpO2,T09,Body,1.262,48
Body | SpO2,T10,Body,1.257,48
Body | SpO2,T11,Body,1.105,48
Body | SpO2,T12,Body,0.411,48
Body | SpO2,T13,Body,0.267,48
Body | SpO2,T14,Body,-0.04,48
Body | SpO2,T15,Body,-0.85,48
Body | SpO2,T16,Body,-1.176,48
Body | SpO2,T17,Body,-1.367,48
Body | SpO2,T18,Body,-1.672,48
Body | SpO2,T19,Body,-1.75,48
Body | SpO2,T20,Body,-1.897,48
Body | SpO2,T21,Body,-1.379,48
Body | SpO2,T22,Body,-1.3,48
Body | SpO2,T23,Body,-1.217,48
Body | SpO2,T24,Body,-0.852,48
Body | SpO2,T25,Body,-0.71,48
Body | SpO2,T26,Body,-0.446,48
Body | SpO2,T27,Body,-0.012,48
Body | SpO2,T28,Body,0.047,48
Body | SpO2,T29,Body,0.676,48
Body | SpO2,T30,Body,0.64,48
Body | SpO2,T31,Body,0.928,48
Body | SpO2,T32,Body,1.327,48
Body | SpO2,T33,Body,1.152,48
Body | SpO2,T34,Body,0.853,48
Body | SpO2,T35,Body,0.533,48
Body | SpO2,T36,Body,0.454,48
